"id";"question_type";"subject_id";"score";"difficult";"correct";"info_text_content_id";"create_user";"status";"create_time";"deleted"
1;3;1;10;1;"B";1;2;1;"2023-01-13 16:25:39";"0"
2;3;1;10;1;"A";2;2;1;"2023-01-13 16:25:39";"0"
3;3;1;10;1;"A";3;2;1;"2023-01-13 16:25:39";"0"
4;3;1;10;1;"A";4;2;1;"2023-01-13 16:25:39";"0"
5;3;1;10;1;"A";5;2;1;"2023-01-13 16:25:39";"0"
6;3;1;10;1;"B";6;2;1;"2023-01-13 16:25:39";"0"
7;3;1;10;1;"B";7;2;1;"2023-01-13 16:25:39";"0"
8;3;1;10;1;"A";8;2;1;"2023-01-13 16:25:39";"0"
9;3;1;10;1;"B";9;2;1;"2023-01-13 16:25:39";"0"
10;3;1;10;1;"A";10;2;1;"2023-01-13 16:25:39";"0"
11;3;1;10;1;"B";11;2;1;"2023-01-13 16:25:39";"0"
12;3;1;10;1;"A";12;2;1;"2023-01-13 16:25:39";"0"
13;3;1;10;1;"A";13;2;1;"2023-01-13 16:25:39";"0"
14;3;1;10;1;"B";14;2;1;"2023-01-13 16:25:39";"0"
15;3;1;10;1;"B";15;2;1;"2023-01-13 16:25:39";"0"
16;3;1;10;1;"B";16;2;1;"2023-01-13 16:25:39";"0"
17;3;1;10;1;"B";17;2;1;"2023-01-13 16:25:39";"0"
18;3;1;10;1;"A";18;2;1;"2023-01-13 16:25:39";"0"
19;3;1;10;1;"A";19;2;1;"2023-01-13 16:25:39";"0"
20;3;1;10;1;"A";20;2;1;"2023-01-13 16:25:39";"0"
21;3;1;10;1;"A";21;2;1;"2023-01-13 16:25:39";"0"
22;3;1;10;1;"B";22;2;1;"2023-01-13 16:25:39";"0"
23;3;1;10;1;"A";23;2;1;"2023-01-13 16:25:39";"0"
24;3;1;10;1;"B";24;2;1;"2023-01-13 16:25:39";"0"
25;3;1;10;1;"B";25;2;1;"2023-01-13 16:25:39";"0"
26;3;1;10;1;"A";26;2;1;"2023-01-13 16:25:39";"0"
27;3;1;10;1;"A";27;2;1;"2023-01-13 16:25:39";"0"
28;3;1;10;1;"A";28;2;1;"2023-01-13 16:25:39";"0"
29;3;1;10;1;"A";29;2;1;"2023-01-13 16:25:39";"0"
30;3;1;10;1;"B";30;2;1;"2023-01-13 16:25:39";"0"
31;3;1;10;1;"A";31;2;1;"2023-01-13 16:25:39";"0"
32;3;1;10;1;"A";32;2;1;"2023-01-13 16:25:39";"0"
33;3;1;10;1;"B";33;2;1;"2023-01-13 16:25:39";"0"
34;3;1;10;1;"A";34;2;1;"2023-01-13 16:25:39";"0"
35;3;1;10;1;"B";35;2;1;"2023-01-13 16:25:39";"0"
36;3;1;10;1;"B";36;2;1;"2023-01-13 16:25:39";"0"
37;3;1;10;1;"A";37;2;1;"2023-01-13 16:25:39";"0"
38;3;1;10;1;"B";38;2;1;"2023-01-13 16:25:39";"0"
39;3;1;10;1;"B";39;2;1;"2023-01-13 16:25:39";"0"
40;3;1;10;1;"B";40;2;1;"2023-01-13 16:25:39";"0"
41;3;1;10;1;"B";41;2;1;"2023-01-13 16:25:39";"0"
42;3;1;10;1;"A";42;2;1;"2023-01-13 16:25:39";"0"
43;3;1;10;1;"A";43;2;1;"2023-01-13 16:25:39";"0"
44;3;1;10;1;"A";44;2;1;"2023-01-13 16:25:39";"0"
45;3;1;10;1;"A";45;2;1;"2023-01-13 16:25:40";"0"
46;3;1;10;1;"B";46;2;1;"2023-01-13 16:25:40";"0"
47;3;1;10;1;"A";47;2;1;"2023-01-13 16:25:40";"0"
48;3;1;10;1;"A";48;2;1;"2023-01-13 16:25:40";"0"
49;3;1;10;1;"B";49;2;1;"2023-01-13 16:25:40";"0"
50;3;1;10;1;"A";50;2;1;"2023-01-13 16:25:40";"0"
51;3;1;10;1;"B";51;2;1;"2023-01-13 16:25:40";"0"
52;3;1;10;1;"B";52;2;1;"2023-01-13 16:25:40";"0"
53;3;1;10;1;"A";53;2;1;"2023-01-13 16:25:40";"0"
54;3;1;10;1;"B";54;2;1;"2023-01-13 16:25:40";"0"
55;3;1;10;1;"B";55;2;1;"2023-01-13 16:25:40";"0"
56;3;1;10;1;"A";56;2;1;"2023-01-13 16:25:40";"0"
57;3;1;10;1;"B";57;2;1;"2023-01-13 16:25:40";"0"
58;3;1;10;1;"A";58;2;1;"2023-01-13 16:25:40";"0"
59;3;1;10;1;"A";59;2;1;"2023-01-13 16:25:40";"0"
60;3;1;10;1;"A";60;2;1;"2023-01-13 16:25:40";"0"
61;3;1;10;1;"A";61;2;1;"2023-01-13 16:25:40";"0"
62;3;1;10;1;"B";62;2;1;"2023-01-13 16:25:40";"0"
63;3;1;10;1;"B";63;2;1;"2023-01-13 16:25:40";"0"
64;3;1;10;1;"B";64;2;1;"2023-01-13 16:25:40";"0"
65;3;1;10;1;"B";65;2;1;"2023-01-13 16:25:40";"0"
66;3;1;10;1;"A";66;2;1;"2023-01-13 16:25:40";"0"
67;3;1;10;1;"A";67;2;1;"2023-01-13 16:25:40";"0"
68;3;1;10;1;"B";68;2;1;"2023-01-13 16:25:40";"0"
69;3;1;10;1;"A";69;2;1;"2023-01-13 16:25:40";"0"
70;3;1;10;1;"B";70;2;1;"2023-01-13 16:25:40";"0"
71;3;1;10;1;"A";71;2;1;"2023-01-13 16:25:40";"0"
72;3;1;10;1;"A";72;2;1;"2023-01-13 16:25:40";"0"
73;3;1;10;1;"B";73;2;1;"2023-01-13 16:25:40";"0"
74;3;1;10;1;"A";74;2;1;"2023-01-13 16:25:40";"0"
75;3;1;10;1;"B";75;2;1;"2023-01-13 16:25:40";"0"
76;3;1;10;1;"B";76;2;1;"2023-01-13 16:25:40";"0"
77;3;1;10;1;"A";77;2;1;"2023-01-13 16:25:40";"0"
78;3;1;10;1;"B";78;2;1;"2023-01-13 16:25:40";"0"
79;3;1;10;1;"A";79;2;1;"2023-01-13 16:25:40";"0"
80;3;1;10;1;"B";80;2;1;"2023-01-13 16:25:40";"0"
81;3;1;10;1;"B";81;2;1;"2023-01-13 16:25:40";"0"
82;3;1;10;1;"A";82;2;1;"2023-01-13 16:25:40";"0"
83;3;1;10;1;"A";83;2;1;"2023-01-13 16:25:40";"0"
84;3;1;10;1;"A";84;2;1;"2023-01-13 16:25:40";"0"
85;3;1;10;1;"A";85;2;1;"2023-01-13 16:25:40";"0"
86;3;1;10;1;"B";86;2;1;"2023-01-13 16:25:40";"0"
87;3;1;10;1;"B";87;2;1;"2023-01-13 16:25:40";"0"
88;3;1;10;1;"A";88;2;1;"2023-01-13 16:25:40";"0"
89;3;1;10;1;"B";89;2;1;"2023-01-13 16:25:40";"0"
90;3;1;10;1;"A";90;2;1;"2023-01-13 16:25:40";"0"
91;3;1;10;1;"B";91;2;1;"2023-01-13 16:25:40";"0"
92;3;1;10;1;"B";92;2;1;"2023-01-13 16:25:40";"0"
93;3;1;10;1;"A";93;2;1;"2023-01-13 16:25:40";"0"
94;3;1;10;1;"B";94;2;1;"2023-01-13 16:25:40";"0"
95;3;1;10;1;"B";95;2;1;"2023-01-13 16:25:40";"0"
96;3;1;10;1;"A";96;2;1;"2023-01-13 16:25:40";"0"
97;3;1;10;1;"B";97;2;1;"2023-01-13 16:25:40";"0"
98;3;1;10;1;"A";98;2;1;"2023-01-13 16:25:40";"0"
99;3;1;10;1;"A";99;2;1;"2023-01-13 16:25:40";"0"
100;3;1;10;1;"B";100;2;1;"2023-01-13 16:25:40";"0"
101;3;1;10;1;"A";101;2;1;"2023-01-13 16:25:40";"0"
102;3;1;10;1;"B";102;2;1;"2023-01-13 16:25:40";"0"
103;3;1;10;1;"B";103;2;1;"2023-01-13 16:25:40";"0"
104;3;1;10;1;"A";104;2;1;"2023-01-13 16:25:40";"0"
105;3;1;10;1;"B";105;2;1;"2023-01-13 16:25:40";"0"
106;3;1;10;1;"A";106;2;1;"2023-01-13 16:25:40";"0"
107;3;1;10;1;"B";107;2;1;"2023-01-13 16:25:40";"0"
108;3;1;10;1;"B";108;2;1;"2023-01-13 16:25:40";"0"
109;3;1;10;1;"A";109;2;1;"2023-01-13 16:25:40";"0"
110;3;1;10;1;"B";110;2;1;"2023-01-13 16:25:40";"0"
111;3;1;10;1;"A";111;2;1;"2023-01-13 16:25:40";"0"
112;3;1;10;1;"A";112;2;1;"2023-01-13 16:25:40";"0"
113;3;1;10;1;"B";113;2;1;"2023-01-13 16:25:40";"0"
114;3;1;10;1;"A";114;2;1;"2023-01-13 16:25:40";"0"
115;3;1;10;1;"A";115;2;1;"2023-01-13 16:25:40";"0"
116;3;1;10;1;"B";116;2;1;"2023-01-13 16:25:40";"0"
117;3;1;10;1;"A";117;2;1;"2023-01-13 16:25:40";"0"
118;3;1;10;1;"B";118;2;1;"2023-01-13 16:25:40";"0"
119;3;1;10;1;"B";119;2;1;"2023-01-13 16:25:40";"0"
120;3;1;10;1;"B";120;2;1;"2023-01-13 16:25:40";"0"
121;3;1;10;1;"B";121;2;1;"2023-01-13 16:25:40";"0"
122;3;1;10;1;"A";122;2;1;"2023-01-13 16:25:40";"0"
123;3;1;10;1;"B";123;2;1;"2023-01-13 16:25:40";"0"
124;3;1;10;1;"B";124;2;1;"2023-01-13 16:25:40";"0"
125;3;1;10;1;"A";125;2;1;"2023-01-13 16:25:40";"0"
126;3;1;10;1;"B";126;2;1;"2023-01-13 16:25:40";"0"
127;3;1;10;1;"B";127;2;1;"2023-01-13 16:25:40";"0"
128;3;1;10;1;"A";128;2;1;"2023-01-13 16:25:40";"0"
129;3;1;10;1;"B";129;2;1;"2023-01-13 16:25:40";"0"
130;3;1;10;1;"A";130;2;1;"2023-01-13 16:25:40";"0"
131;3;1;10;1;"A";131;2;1;"2023-01-13 16:25:40";"0"
132;3;1;10;1;"B";132;2;1;"2023-01-13 16:25:40";"0"
133;3;1;10;1;"A";133;2;1;"2023-01-13 16:25:40";"0"
134;3;1;10;1;"B";134;2;1;"2023-01-13 16:25:40";"0"
135;3;1;10;1;"B";135;2;1;"2023-01-13 16:25:40";"0"
136;3;1;10;1;"B";136;2;1;"2023-01-13 16:25:40";"0"
137;3;1;10;1;"B";137;2;1;"2023-01-13 16:25:40";"0"
138;3;1;10;1;"A";138;2;1;"2023-01-13 16:25:40";"0"
139;3;1;10;1;"B";139;2;1;"2023-01-13 16:25:40";"0"
140;3;1;10;1;"A";140;2;1;"2023-01-13 16:25:40";"0"
141;3;1;10;1;"A";141;2;1;"2023-01-13 16:25:40";"0"
142;3;1;10;1;"B";142;2;1;"2023-01-13 16:25:40";"0"
143;3;1;10;1;"B";143;2;1;"2023-01-13 16:25:40";"0"
144;3;1;10;1;"A";144;2;1;"2023-01-13 16:25:40";"0"
145;3;1;10;1;"B";145;2;1;"2023-01-13 16:25:40";"0"
146;3;1;10;1;"A";146;2;1;"2023-01-13 16:25:40";"0"
147;3;1;10;1;"A";147;2;1;"2023-01-13 16:25:40";"0"
148;3;1;10;1;"B";148;2;1;"2023-01-13 16:25:40";"0"
149;3;1;10;1;"A";149;2;1;"2023-01-13 16:25:40";"0"
150;3;1;10;1;"B";150;2;1;"2023-01-13 16:25:40";"0"
151;3;1;10;1;"B";151;2;1;"2023-01-13 16:25:40";"0"
152;3;1;10;1;"B";152;2;1;"2023-01-13 16:25:40";"0"
153;3;1;10;1;"B";153;2;1;"2023-01-13 16:25:40";"0"
154;3;1;10;1;"A";154;2;1;"2023-01-13 16:25:40";"0"
155;3;1;10;1;"A";155;2;1;"2023-01-13 16:25:40";"0"
156;3;1;10;1;"A";156;2;1;"2023-01-13 16:25:40";"0"
157;3;1;10;1;"A";157;2;1;"2023-01-13 16:25:40";"0"
158;3;1;10;1;"B";158;2;1;"2023-01-13 16:25:40";"0"
159;3;1;10;1;"B";159;2;1;"2023-01-13 16:25:40";"0"
160;3;1;10;1;"B";160;2;1;"2023-01-13 16:25:40";"0"
161;3;1;10;1;"B";161;2;1;"2023-01-13 16:25:40";"0"
162;3;1;10;1;"A";162;2;1;"2023-01-13 16:25:40";"0"
163;3;1;10;1;"B";163;2;1;"2023-01-13 16:25:40";"0"
164;3;1;10;1;"B";164;2;1;"2023-01-13 16:25:40";"0"
165;3;1;10;1;"A";165;2;1;"2023-01-13 16:25:40";"0"
166;3;1;10;1;"B";166;2;1;"2023-01-13 16:25:40";"0"
167;3;1;10;1;"A";167;2;1;"2023-01-13 16:25:40";"0"
168;3;1;10;1;"A";168;2;1;"2023-01-13 16:25:40";"0"
169;3;1;10;1;"B";169;2;1;"2023-01-13 16:25:40";"0"
170;3;1;10;1;"A";170;2;1;"2023-01-13 16:25:40";"0"
171;3;1;10;1;"B";171;2;1;"2023-01-13 16:25:40";"0"
172;3;1;10;1;"B";172;2;1;"2023-01-13 16:25:40";"0"
173;3;1;10;1;"A";173;2;1;"2023-01-13 16:25:40";"0"
174;3;1;10;1;"B";174;2;1;"2023-01-13 16:25:40";"0"
175;3;1;10;1;"A";175;2;1;"2023-01-13 16:25:40";"0"
176;3;1;10;1;"A";176;2;1;"2023-01-13 16:25:40";"0"
177;3;1;10;1;"B";177;2;1;"2023-01-13 16:25:40";"0"
178;3;1;10;1;"A";178;2;1;"2023-01-13 16:25:40";"0"
179;3;1;10;1;"B";179;2;1;"2023-01-13 16:25:40";"0"
180;3;1;10;1;"A";180;2;1;"2023-01-13 16:25:40";"0"
181;3;1;10;1;"A";181;2;1;"2023-01-13 16:25:40";"0"
182;3;1;10;1;"B";182;2;1;"2023-01-13 16:25:40";"0"
183;3;1;10;1;"A";183;2;1;"2023-01-13 16:25:40";"0"
184;3;1;10;1;"B";184;2;1;"2023-01-13 16:25:40";"0"
185;3;1;10;1;"B";185;2;1;"2023-01-13 16:25:40";"0"
186;3;1;10;1;"A";186;2;1;"2023-01-13 16:25:40";"0"
187;3;1;10;1;"A";187;2;1;"2023-01-13 16:25:40";"0"
188;3;1;10;1;"A";188;2;1;"2023-01-13 16:25:40";"0"
189;3;1;10;1;"A";189;2;1;"2023-01-13 16:25:40";"0"
190;3;1;10;1;"B";190;2;1;"2023-01-13 16:25:40";"0"
191;3;1;10;1;"B";191;2;1;"2023-01-13 16:25:40";"0"
192;3;1;10;1;"B";192;2;1;"2023-01-13 16:25:40";"0"
193;3;1;10;1;"B";193;2;1;"2023-01-13 16:25:40";"0"
194;3;1;10;1;"A";194;2;1;"2023-01-13 16:25:40";"0"
195;3;1;10;1;"A";195;2;1;"2023-01-13 16:25:40";"0"
196;3;1;10;1;"A";196;2;1;"2023-01-13 16:25:40";"0"
197;3;1;10;1;"A";197;2;1;"2023-01-13 16:25:40";"0"
198;3;1;10;1;"B";198;2;1;"2023-01-13 16:25:40";"0"
199;3;1;10;1;"B";199;2;1;"2023-01-13 16:25:40";"0"
200;3;1;10;1;"B";200;2;1;"2023-01-13 16:25:40";"0"
201;3;1;10;1;"B";201;2;1;"2023-01-13 16:25:40";"0"
202;3;1;10;1;"A";202;2;1;"2023-01-13 16:25:40";"0"
203;3;1;10;1;"B";203;2;1;"2023-01-13 16:25:40";"0"
204;3;1;10;1;"B";204;2;1;"2023-01-13 16:25:40";"0"
205;3;1;10;1;"A";205;2;1;"2023-01-13 16:25:40";"0"
206;3;1;10;1;"B";206;2;1;"2023-01-13 16:25:40";"0"
207;3;1;10;1;"A";207;2;1;"2023-01-13 16:25:40";"0"
208;3;1;10;1;"B";208;2;1;"2023-01-13 16:25:40";"0"
209;3;1;10;1;"B";209;2;1;"2023-01-13 16:25:40";"0"
210;3;1;10;1;"A";210;2;1;"2023-01-13 16:25:40";"0"
211;3;1;10;1;"A";211;2;1;"2023-01-13 16:25:40";"0"
212;3;1;10;1;"A";212;2;1;"2023-01-13 16:25:40";"0"
213;3;1;10;1;"A";213;2;1;"2023-01-13 16:25:40";"0"
214;3;1;10;1;"B";214;2;1;"2023-01-13 16:25:40";"0"
215;3;1;10;1;"A";215;2;1;"2023-01-13 16:25:40";"0"
216;3;1;10;1;"B";216;2;1;"2023-01-13 16:25:40";"0"
217;3;1;10;1;"B";217;2;1;"2023-01-13 16:25:40";"0"
218;3;1;10;1;"A";218;2;1;"2023-01-13 16:25:40";"0"
219;3;1;10;1;"B";219;2;1;"2023-01-13 16:25:40";"0"
220;3;1;10;1;"B";220;2;1;"2023-01-13 16:25:40";"0"
221;3;1;10;1;"A";221;2;1;"2023-01-13 16:25:40";"0"
222;3;1;10;1;"B";222;2;1;"2023-01-13 16:25:40";"0"
223;3;1;10;1;"A";223;2;1;"2023-01-13 16:25:40";"0"
224;3;1;10;1;"A";224;2;1;"2023-01-13 16:25:40";"0"
225;3;1;10;1;"B";225;2;1;"2023-01-13 16:25:40";"0"
226;3;1;10;1;"A";226;2;1;"2023-01-13 16:25:40";"0"
227;3;1;10;1;"A";227;2;1;"2023-01-13 16:25:40";"0"
228;3;1;10;1;"B";228;2;1;"2023-01-13 16:25:40";"0"
229;3;1;10;1;"A";229;2;1;"2023-01-13 16:25:40";"0"
230;3;1;10;1;"B";230;2;1;"2023-01-13 16:25:40";"0"
231;3;1;10;1;"B";231;2;1;"2023-01-13 16:25:40";"0"
232;3;1;10;1;"A";232;2;1;"2023-01-13 16:25:40";"0"
233;3;1;10;1;"B";233;2;1;"2023-01-13 16:25:40";"0"
234;3;1;10;1;"A";234;2;1;"2023-01-13 16:25:40";"0"
235;3;1;10;1;"B";235;2;1;"2023-01-13 16:25:40";"0"
236;3;1;10;1;"A";236;2;1;"2023-01-13 16:25:40";"0"
237;3;1;10;1;"A";237;2;1;"2023-01-13 16:25:40";"0"
238;3;1;10;1;"B";238;2;1;"2023-01-13 16:25:40";"0"
239;3;1;10;1;"B";239;2;1;"2023-01-13 16:26:46";"0"
240;3;1;10;1;"A";240;2;1;"2023-01-13 16:26:46";"0"
241;3;1;10;1;"B";241;2;1;"2023-01-13 16:26:46";"0"
242;3;1;10;1;"A";242;2;1;"2023-01-13 16:26:46";"0"
243;3;1;10;1;"A";243;2;1;"2023-01-13 16:26:46";"0"
244;3;1;10;1;"B";244;2;1;"2023-01-13 16:26:46";"0"
245;3;1;10;1;"A";245;2;1;"2023-01-13 16:26:46";"0"
246;3;1;10;1;"B";246;2;1;"2023-01-13 16:26:46";"0"
247;3;1;10;1;"A";247;2;1;"2023-01-13 16:26:46";"0"
248;3;1;10;1;"B";248;2;1;"2023-01-13 16:26:46";"0"
249;3;1;10;1;"B";249;2;1;"2023-01-13 16:26:46";"0"
250;3;1;10;1;"A";250;2;1;"2023-01-13 16:26:46";"0"
251;3;1;10;1;"A";251;2;1;"2023-01-13 16:26:46";"0"
252;3;1;10;1;"A";252;2;1;"2023-01-13 16:26:46";"0"
253;3;1;10;1;"A";253;2;1;"2023-01-13 16:26:46";"0"
254;3;1;10;1;"B";254;2;1;"2023-01-13 16:26:46";"0"
255;3;1;10;1;"B";255;2;1;"2023-01-13 16:26:46";"0"
256;3;1;10;1;"A";256;2;1;"2023-01-13 16:26:46";"0"
257;3;1;10;1;"B";257;2;1;"2023-01-13 16:26:46";"0"
258;3;1;10;1;"A";258;2;1;"2023-01-13 16:26:46";"0"
259;3;1;10;1;"A";259;2;1;"2023-01-13 16:26:46";"0"
260;3;1;10;1;"B";260;2;1;"2023-01-13 16:26:46";"0"
261;3;1;10;1;"A";261;2;1;"2023-01-13 16:26:46";"0"
262;3;1;10;1;"B";262;2;1;"2023-01-13 16:26:46";"0"
263;3;1;10;1;"A";263;2;1;"2023-01-13 16:26:46";"0"
264;3;1;10;1;"A";264;2;1;"2023-01-13 16:26:46";"0"
265;3;1;10;1;"B";265;2;1;"2023-01-13 16:26:46";"0"
266;3;1;10;1;"A";266;2;1;"2023-01-13 16:26:46";"0"
267;3;1;10;1;"A";267;2;1;"2023-01-13 16:26:46";"0"
268;3;1;10;1;"B";268;2;1;"2023-01-13 16:26:46";"0"
269;3;1;10;1;"A";269;2;1;"2023-01-13 16:26:46";"0"
270;3;1;10;1;"B";270;2;1;"2023-01-13 16:26:46";"0"
271;3;1;10;1;"A";271;2;1;"2023-01-13 16:26:46";"0"
272;3;1;10;1;"B";272;2;1;"2023-01-13 16:26:46";"0"
273;3;1;10;1;"B";273;2;1;"2023-01-13 16:26:46";"0"
274;3;1;10;1;"A";274;2;1;"2023-01-13 16:26:46";"0"
275;3;1;10;1;"B";275;2;1;"2023-01-13 16:26:46";"0"
276;3;1;10;1;"A";276;2;1;"2023-01-13 16:26:46";"0"
277;3;1;10;1;"A";277;2;1;"2023-01-13 16:26:46";"0"
278;3;1;10;1;"B";278;2;1;"2023-01-13 16:26:46";"0"
279;3;1;10;1;"B";279;2;1;"2023-01-13 16:26:46";"0"
280;3;1;10;1;"A";280;2;1;"2023-01-13 16:26:46";"0"
281;3;1;10;1;"B";281;2;1;"2023-01-13 16:26:46";"0"
282;3;1;10;1;"A";282;2;1;"2023-01-13 16:26:46";"0"
283;3;1;10;1;"A";283;2;1;"2023-01-13 16:26:46";"0"
284;3;1;10;1;"A";284;2;1;"2023-01-13 16:26:46";"0"
285;3;1;10;1;"A";285;2;1;"2023-01-13 16:26:46";"0"
286;3;1;10;1;"B";286;2;1;"2023-01-13 16:26:46";"0"
287;3;1;10;1;"B";287;2;1;"2023-01-13 16:26:46";"0"
288;3;1;10;1;"B";288;2;1;"2023-01-13 16:26:46";"0"
289;3;1;10;1;"B";289;2;1;"2023-01-13 16:26:46";"0"
290;3;1;10;1;"A";290;2;1;"2023-01-13 16:26:46";"0"
291;3;1;10;1;"B";291;2;1;"2023-01-13 16:26:46";"0"
292;3;1;10;1;"A";292;2;1;"2023-01-13 16:26:46";"0"
293;3;1;10;1;"A";293;2;1;"2023-01-13 16:26:46";"0"
294;3;1;10;1;"B";294;2;1;"2023-01-13 16:26:46";"0"
295;3;1;10;1;"A";295;2;1;"2023-01-13 16:26:46";"0"
296;3;1;10;1;"B";296;2;1;"2023-01-13 16:26:46";"0"
297;3;1;10;1;"B";297;2;1;"2023-01-13 16:26:46";"0"
298;3;1;10;1;"A";298;2;1;"2023-01-13 16:26:46";"0"
299;3;1;10;1;"A";299;2;1;"2023-01-13 16:26:46";"0"
300;3;1;10;1;"A";300;2;1;"2023-01-13 16:26:46";"0"
301;3;1;10;1;"A";301;2;1;"2023-01-13 16:26:46";"0"
302;3;1;10;1;"B";302;2;1;"2023-01-13 16:26:46";"0"
303;3;1;10;1;"A";303;2;1;"2023-01-13 16:26:46";"0"
304;3;1;10;1;"B";304;2;1;"2023-01-13 16:26:46";"0"
305;3;1;10;1;"B";305;2;1;"2023-01-13 16:26:46";"0"
306;3;1;10;1;"A";306;2;1;"2023-01-13 16:26:46";"0"
307;3;1;10;1;"A";307;2;1;"2023-01-13 16:26:46";"0"
308;3;1;10;1;"B";308;2;1;"2023-01-13 16:26:46";"0"
309;3;1;10;1;"A";309;2;1;"2023-01-13 16:26:46";"0"
310;3;1;10;1;"B";310;2;1;"2023-01-13 16:26:46";"0"
311;3;1;10;1;"B";311;2;1;"2023-01-13 16:26:46";"0"
312;3;1;10;1;"A";312;2;1;"2023-01-13 16:26:46";"0"
313;3;1;10;1;"B";313;2;1;"2023-01-13 16:26:46";"0"
314;3;1;10;1;"A";314;2;1;"2023-01-13 16:26:46";"0"
315;3;1;10;1;"B";315;2;1;"2023-01-13 16:26:46";"0"
316;3;1;10;1;"B";316;2;1;"2023-01-13 16:26:46";"0"
317;3;1;10;1;"A";317;2;1;"2023-01-13 16:26:46";"0"
318;3;1;10;1;"B";318;2;1;"2023-01-13 16:26:46";"0"
319;3;1;10;1;"B";319;2;1;"2023-01-13 16:26:46";"0"
320;3;1;10;1;"A";320;2;1;"2023-01-13 16:26:46";"0"
321;3;1;10;1;"B";321;2;1;"2023-01-13 16:26:46";"0"
322;3;1;10;1;"A";322;2;1;"2023-01-13 16:26:46";"0"
323;3;1;10;1;"A";323;2;1;"2023-01-13 16:26:46";"0"
324;3;1;10;1;"A";324;2;1;"2023-01-13 16:26:46";"0"
325;3;1;10;1;"A";325;2;1;"2023-01-13 16:26:46";"0"
326;3;1;10;1;"B";326;2;1;"2023-01-13 16:26:46";"0"
327;3;1;10;1;"B";327;2;1;"2023-01-13 16:26:46";"0"
328;3;1;10;1;"B";328;2;1;"2023-01-13 16:26:46";"0"
329;3;1;10;1;"B";329;2;1;"2023-01-13 16:26:46";"0"
330;3;1;10;1;"A";330;2;1;"2023-01-13 16:26:46";"0"
331;3;1;10;1;"A";331;2;1;"2023-01-13 16:26:46";"0"
332;3;1;10;1;"A";332;2;1;"2023-01-13 16:26:46";"0"
333;3;1;10;1;"A";333;2;1;"2023-01-13 16:26:46";"0"
334;3;1;10;1;"B";334;2;1;"2023-01-13 16:26:46";"0"
335;3;1;10;1;"B";335;2;1;"2023-01-13 16:26:46";"0"
336;3;1;10;1;"B";336;2;1;"2023-01-13 16:26:46";"0"
337;3;1;10;1;"B";337;2;1;"2023-01-13 16:26:46";"0"
338;3;1;10;1;"A";338;2;1;"2023-01-13 16:26:46";"0"
339;3;1;10;1;"B";339;2;1;"2023-01-13 16:26:46";"0"
340;3;1;10;1;"A";340;2;1;"2023-01-13 16:26:46";"0"
341;3;1;10;1;"A";341;2;1;"2023-01-13 16:26:46";"0"
342;3;1;10;1;"B";342;2;1;"2023-01-13 16:26:46";"0"
343;3;1;10;1;"A";343;2;1;"2023-01-13 16:26:46";"0"
344;3;1;10;1;"B";344;2;1;"2023-01-13 16:26:46";"0"
345;3;1;10;1;"B";345;2;1;"2023-01-13 16:26:46";"0"
346;3;1;10;1;"A";346;2;1;"2023-01-13 16:26:46";"0"
347;3;1;10;1;"A";347;2;1;"2023-01-13 16:26:46";"0"
348;3;1;10;1;"A";348;2;1;"2023-01-13 16:26:46";"0"
349;3;1;10;1;"A";349;2;1;"2023-01-13 16:26:46";"0"
350;3;1;10;1;"B";350;2;1;"2023-01-13 16:26:46";"0"
351;3;1;10;1;"A";351;2;1;"2023-01-13 16:26:46";"0"
352;3;1;10;1;"B";352;2;1;"2023-01-13 16:26:46";"0"
353;3;1;10;1;"B";353;2;1;"2023-01-13 16:26:46";"0"
354;3;1;10;1;"A";354;2;1;"2023-01-13 16:26:46";"0"
355;3;1;10;1;"B";355;2;1;"2023-01-13 16:26:46";"0"
356;3;1;10;1;"B";356;2;1;"2023-01-13 16:26:46";"0"
357;3;1;10;1;"A";357;2;1;"2023-01-13 16:26:46";"0"
358;3;1;10;1;"B";358;2;1;"2023-01-13 16:26:46";"0"
359;3;1;10;1;"A";359;2;1;"2023-01-13 16:26:46";"0"
360;3;1;10;1;"A";360;2;1;"2023-01-13 16:26:46";"0"
361;3;1;10;1;"B";361;2;1;"2023-01-13 16:26:46";"0"
362;3;1;10;1;"A";362;2;1;"2023-01-13 16:26:46";"0"
363;3;1;10;1;"B";363;2;1;"2023-01-13 16:26:46";"0"
364;3;1;10;1;"B";364;2;1;"2023-01-13 16:26:46";"0"
365;3;1;10;1;"A";365;2;1;"2023-01-13 16:26:46";"0"
366;3;1;10;1;"B";366;2;1;"2023-01-13 16:26:46";"0"
367;3;1;10;1;"A";367;2;1;"2023-01-13 16:26:46";"0"
368;3;1;10;1;"A";368;2;1;"2023-01-13 16:26:46";"0"
369;3;1;10;1;"B";369;2;1;"2023-01-13 16:26:46";"0"
370;3;1;10;1;"A";370;2;1;"2023-01-13 16:26:46";"0"
371;3;1;10;1;"A";371;2;1;"2023-01-13 16:26:46";"0"
372;3;1;10;1;"B";372;2;1;"2023-01-13 16:26:46";"0"
373;3;1;10;1;"A";373;2;1;"2023-01-13 16:26:46";"0"
374;3;1;10;1;"B";374;2;1;"2023-01-13 16:26:46";"0"
375;3;1;10;1;"A";375;2;1;"2023-01-13 16:26:46";"0"
376;3;1;10;1;"B";376;2;1;"2023-01-13 16:26:46";"0"
377;3;1;10;1;"B";377;2;1;"2023-01-13 16:26:46";"0"
378;3;1;10;1;"A";378;2;1;"2023-01-13 16:26:46";"0"
379;3;1;10;1;"A";379;2;1;"2023-01-13 16:26:46";"0"
380;3;1;10;1;"A";380;2;1;"2023-01-13 16:26:46";"0"
381;3;1;10;1;"A";381;2;1;"2023-01-13 16:26:46";"0"
382;3;1;10;1;"B";382;2;1;"2023-01-13 16:26:46";"0"
383;3;1;10;1;"B";383;2;1;"2023-01-13 16:26:46";"0"
384;3;1;10;1;"A";384;2;1;"2023-01-13 16:26:46";"0"
385;3;1;10;1;"B";385;2;1;"2023-01-13 16:26:46";"0"
386;3;1;10;1;"A";386;2;1;"2023-01-13 16:26:46";"0"
387;3;1;10;1;"A";387;2;1;"2023-01-13 16:26:46";"0"
388;3;1;10;1;"B";388;2;1;"2023-01-13 16:26:46";"0"
389;3;1;10;1;"A";389;2;1;"2023-01-13 16:26:46";"0"
390;3;1;10;1;"B";390;2;1;"2023-01-13 16:26:46";"0"
391;3;1;10;1;"A";391;2;1;"2023-01-13 16:26:46";"0"
392;3;1;10;1;"B";392;2;1;"2023-01-13 16:26:46";"0"
393;3;1;10;1;"B";393;2;1;"2023-01-13 16:26:46";"0"
394;3;1;10;1;"A";394;2;1;"2023-01-13 16:26:46";"0"
395;3;1;10;1;"A";395;2;1;"2023-01-13 16:26:46";"0"
396;3;1;10;1;"B";396;2;1;"2023-01-13 16:26:46";"0"
397;3;1;10;1;"A";397;2;1;"2023-01-13 16:26:46";"0"
398;3;1;10;1;"B";398;2;1;"2023-01-13 16:26:46";"0"
399;3;1;10;1;"B";399;2;1;"2023-01-13 16:26:46";"0"
400;3;1;10;1;"A";400;2;1;"2023-01-13 16:26:46";"0"
401;3;1;10;1;"B";401;2;1;"2023-01-13 16:26:46";"0"
402;3;1;10;1;"A";402;2;1;"2023-01-13 16:26:46";"0"
403;3;1;10;1;"B";403;2;1;"2023-01-13 16:26:46";"0"
404;3;1;10;1;"A";404;2;1;"2023-01-13 16:26:46";"0"
405;3;1;10;1;"A";405;2;1;"2023-01-13 16:26:46";"0"
406;3;1;10;1;"B";406;2;1;"2023-01-13 16:26:46";"0"
407;3;1;10;1;"A";407;2;1;"2023-01-13 16:26:46";"0"
408;3;1;10;1;"B";408;2;1;"2023-01-13 16:26:46";"0"
409;3;1;10;1;"B";409;2;1;"2023-01-13 16:26:46";"0"
410;3;1;10;1;"A";410;2;1;"2023-01-13 16:26:46";"0"
411;3;1;10;1;"B";411;2;1;"2023-01-13 16:26:46";"0"
412;3;1;10;1;"A";412;2;1;"2023-01-13 16:26:46";"0"
413;3;1;10;1;"A";413;2;1;"2023-01-13 16:26:46";"0"
414;3;1;10;1;"B";414;2;1;"2023-01-13 16:26:46";"0"
415;3;1;10;1;"A";415;2;1;"2023-01-13 16:26:46";"0"
416;3;1;10;1;"B";416;2;1;"2023-01-13 16:26:46";"0"
417;3;1;10;1;"B";417;2;1;"2023-01-13 16:26:46";"0"
418;3;1;10;1;"A";418;2;1;"2023-01-13 16:26:46";"0"
419;3;1;10;1;"B";419;2;1;"2023-01-13 16:26:46";"0"
420;3;1;10;1;"A";420;2;1;"2023-01-13 16:26:46";"0"
421;3;1;10;1;"A";421;2;1;"2023-01-13 16:26:46";"0"
422;3;1;10;1;"B";422;2;1;"2023-01-13 16:26:46";"0"
423;3;1;10;1;"B";423;2;1;"2023-01-13 16:26:46";"0"
424;3;1;10;1;"A";424;2;1;"2023-01-13 16:26:46";"0"
425;3;1;10;1;"B";425;2;1;"2023-01-13 16:26:46";"0"
426;3;1;10;1;"A";426;2;1;"2023-01-13 16:26:46";"0"
427;3;1;10;1;"B";427;2;1;"2023-01-13 16:26:46";"0"
428;3;1;10;1;"A";428;2;1;"2023-01-13 16:26:46";"0"
429;3;1;10;1;"A";429;2;1;"2023-01-13 16:26:46";"0"
430;3;1;10;1;"B";430;2;1;"2023-01-13 16:26:46";"0"
431;3;1;10;1;"B";431;2;1;"2023-01-13 16:26:46";"0"
432;3;1;10;1;"B";432;2;1;"2023-01-13 16:26:46";"0"
433;3;1;10;1;"B";433;2;1;"2023-01-13 16:26:46";"0"
434;3;1;10;1;"A";434;2;1;"2023-01-13 16:26:46";"0"
435;3;1;10;1;"A";435;2;1;"2023-01-13 16:26:46";"0"
436;3;1;10;1;"A";436;2;1;"2023-01-13 16:26:46";"0"
437;3;1;10;1;"A";437;2;1;"2023-01-13 16:26:46";"0"
438;3;1;10;1;"B";438;2;1;"2023-01-13 16:26:46";"0"
439;3;1;10;1;"A";439;2;1;"2023-01-13 16:26:46";"0"
440;3;1;10;1;"B";440;2;1;"2023-01-13 16:26:46";"0"
441;3;1;10;1;"B";441;2;1;"2023-01-13 16:26:46";"0"
442;3;1;10;1;"A";442;2;1;"2023-01-13 16:26:46";"0"
443;3;1;10;1;"A";443;2;1;"2023-01-13 16:26:46";"0"
444;3;1;10;1;"A";444;2;1;"2023-01-13 16:26:46";"0"
445;3;1;10;1;"A";445;2;1;"2023-01-13 16:26:46";"0"
446;3;1;10;1;"B";446;2;1;"2023-01-13 16:26:46";"0"
447;3;1;10;1;"B";447;2;1;"2023-01-13 16:26:46";"0"
448;3;1;10;1;"B";448;2;1;"2023-01-13 16:26:46";"0"
449;3;1;10;1;"B";449;2;1;"2023-01-13 16:26:46";"0"
450;3;1;10;1;"A";450;2;1;"2023-01-13 16:26:46";"0"
451;3;1;10;1;"A";451;2;1;"2023-01-13 16:26:46";"0"
452;3;1;10;1;"B";452;2;1;"2023-01-13 16:26:46";"0"
453;3;1;10;1;"A";453;2;1;"2023-01-13 16:26:46";"0"
454;3;1;10;1;"B";454;2;1;"2023-01-13 16:26:46";"0"
455;3;1;10;1;"B";455;2;1;"2023-01-13 16:26:46";"0"
456;3;1;10;1;"A";456;2;1;"2023-01-13 16:26:46";"0"
457;3;1;10;1;"B";457;2;1;"2023-01-13 16:26:46";"0"
458;3;1;10;1;"A";458;2;1;"2023-01-13 16:26:46";"0"
459;3;1;10;1;"A";459;2;1;"2023-01-13 16:26:46";"0"
460;3;1;10;1;"B";460;2;1;"2023-01-13 16:26:46";"0"
461;3;1;10;1;"A";461;2;1;"2023-01-13 16:26:46";"0"
462;3;1;10;1;"B";462;2;1;"2023-01-13 16:26:46";"0"
463;3;1;10;1;"B";463;2;1;"2023-01-13 16:26:46";"0"
464;3;1;10;1;"B";464;2;1;"2023-01-13 16:26:46";"0"
465;3;1;10;1;"B";465;2;1;"2023-01-13 16:26:46";"0"
466;3;1;10;1;"A";466;2;1;"2023-01-13 16:26:46";"0"
467;3;1;10;1;"B";467;2;1;"2023-01-13 16:26:46";"0"
468;3;1;10;1;"A";468;2;1;"2023-01-13 16:26:46";"0"
469;3;1;10;1;"A";469;2;1;"2023-01-13 16:26:46";"0"
470;3;1;10;1;"B";470;2;1;"2023-01-13 16:26:46";"0"
471;3;1;10;1;"B";471;2;1;"2023-01-13 16:26:46";"0"
472;3;1;10;1;"A";472;2;1;"2023-01-13 16:26:46";"0"
473;3;1;10;1;"B";473;2;1;"2023-01-13 16:26:46";"0"
474;3;1;10;1;"A";474;2;1;"2023-01-13 16:26:46";"0"
475;3;1;10;1;"B";475;2;1;"2023-01-13 16:26:46";"0"
476;3;1;10;1;"B";476;2;1;"2023-01-13 16:26:46";"0"
477;3;1;10;1;"A";477;2;1;"2023-01-13 16:26:46";"0"
478;3;1;10;1;"B";478;2;1;"2023-01-13 16:26:46";"0"
479;3;1;10;1;"A";479;2;1;"2023-01-13 16:26:46";"0"
480;3;1;10;1;"B";480;2;1;"2023-01-13 16:26:46";"0"
481;3;1;10;1;"B";481;2;1;"2023-01-13 16:26:46";"0"
482;3;1;10;1;"A";482;2;1;"2023-01-13 16:26:46";"0"
483;3;1;10;1;"B";483;2;1;"2023-01-13 16:26:46";"0"
484;3;1;10;1;"A";484;2;1;"2023-01-13 16:26:46";"0"
485;3;1;10;1;"A";485;2;1;"2023-01-13 16:26:46";"0"
486;3;1;10;1;"B";486;2;1;"2023-01-13 16:26:46";"0"
487;3;1;10;1;"A";487;2;1;"2023-01-13 16:26:46";"0"
488;3;1;10;1;"B";488;2;1;"2023-01-13 16:26:46";"0"
489;3;1;10;1;"B";489;2;1;"2023-01-13 16:26:46";"0"
490;3;1;10;1;"A";490;2;1;"2023-01-13 16:26:46";"0"
491;3;1;10;1;"B";491;2;1;"2023-01-13 16:26:46";"0"
492;3;1;10;1;"A";492;2;1;"2023-01-13 16:26:46";"0"
493;3;1;10;1;"A";493;2;1;"2023-01-13 16:26:46";"0"
494;3;1;10;1;"B";494;2;1;"2023-01-13 16:26:46";"0"
495;3;1;10;1;"A";495;2;1;"2023-01-13 16:26:46";"0"
496;3;1;10;1;"B";496;2;1;"2023-01-13 16:26:46";"0"
497;3;1;10;1;"B";497;2;1;"2023-01-13 16:26:46";"0"
498;3;1;10;1;"A";498;2;1;"2023-01-13 16:26:46";"0"
499;3;1;10;1;"A";499;2;1;"2023-01-13 16:26:46";"0"
500;3;1;10;1;"B";500;2;1;"2023-01-13 16:26:46";"0"
501;3;1;10;1;"A";501;2;1;"2023-01-13 16:26:46";"0"
502;3;1;10;1;"B";502;2;1;"2023-01-13 16:26:46";"0"
503;3;1;10;1;"B";503;2;1;"2023-01-13 16:26:46";"0"
504;3;1;10;1;"A";504;2;1;"2023-01-13 16:26:46";"0"
505;3;1;10;1;"B";505;2;1;"2023-01-13 16:26:46";"0"
506;3;1;10;1;"A";506;2;1;"2023-01-13 16:26:46";"0"
507;3;1;10;1;"A";507;2;1;"2023-01-13 16:26:46";"0"
508;3;1;10;1;"B";508;2;1;"2023-01-13 16:26:46";"0"
509;3;1;10;1;"A";509;2;1;"2023-01-13 16:26:46";"0"
510;3;1;10;1;"B";510;2;1;"2023-01-13 16:26:46";"0"
511;3;1;10;1;"B";511;2;1;"2023-01-13 16:26:46";"0"
512;3;1;10;1;"A";512;2;1;"2023-01-13 16:26:46";"0"
513;3;1;10;1;"B";513;2;1;"2023-01-13 16:26:46";"0"
514;3;1;10;1;"A";514;2;1;"2023-01-13 16:26:46";"0"
515;3;1;10;1;"B";515;2;1;"2023-01-13 16:26:46";"0"
516;3;1;10;1;"B";516;2;1;"2023-01-13 16:26:46";"0"
517;3;1;10;1;"A";517;2;1;"2023-01-13 16:26:46";"0"
518;3;1;10;1;"B";518;2;1;"2023-01-13 16:26:46";"0"
519;3;1;10;1;"B";519;2;1;"2023-01-13 16:26:46";"0"
520;3;1;10;1;"B";520;2;1;"2023-01-13 16:26:46";"0"
521;3;1;10;1;"B";521;2;1;"2023-01-13 16:26:46";"0"
522;3;1;10;1;"A";522;2;1;"2023-01-13 16:26:46";"0"
523;3;1;10;1;"B";523;2;1;"2023-01-13 16:26:46";"0"
524;3;1;10;1;"A";524;2;1;"2023-01-13 16:26:46";"0"
525;3;1;10;1;"A";525;2;1;"2023-01-13 16:26:46";"0"
526;3;1;10;1;"B";526;2;1;"2023-01-13 16:26:46";"0"
527;3;1;10;1;"A";527;2;1;"2023-01-13 16:26:46";"0"
528;3;1;10;1;"B";528;2;1;"2023-01-13 16:26:46";"0"
529;3;1;10;1;"B";529;2;1;"2023-01-13 16:26:46";"0"
530;3;1;10;1;"A";530;2;1;"2023-01-13 16:26:46";"0"
531;3;1;10;1;"B";531;2;1;"2023-01-13 16:26:46";"0"
532;3;1;10;1;"A";532;2;1;"2023-01-13 16:26:46";"0"
533;3;1;10;1;"A";533;2;1;"2023-01-13 16:26:46";"0"
534;3;1;10;1;"B";534;2;1;"2023-01-13 16:26:46";"0"
535;3;1;10;1;"B";535;2;1;"2023-01-13 16:26:46";"0"
536;3;1;10;1;"B";536;2;1;"2023-01-13 16:26:46";"0"
537;3;1;10;1;"B";537;2;1;"2023-01-13 16:26:46";"0"
538;3;1;10;1;"A";538;2;1;"2023-01-13 16:26:46";"0"
539;3;1;10;1;"B";539;2;1;"2023-01-13 16:26:46";"0"
540;3;1;10;1;"A";540;2;1;"2023-01-13 16:26:46";"0"
541;3;1;10;1;"A";541;2;1;"2023-01-13 16:26:46";"0"
542;3;1;10;1;"B";542;2;1;"2023-01-13 16:26:46";"0"
543;3;1;10;1;"B";543;2;1;"2023-01-13 16:26:46";"0"
544;3;1;10;1;"B";544;2;1;"2023-01-13 16:26:46";"0"
545;3;1;10;1;"B";545;2;1;"2023-01-13 16:26:46";"0"
546;3;1;10;1;"A";546;2;1;"2023-01-13 16:26:46";"0"
547;3;1;10;1;"A";547;2;1;"2023-01-13 16:26:46";"0"
548;3;1;10;1;"B";548;2;1;"2023-01-13 16:26:46";"0"
549;3;1;10;1;"A";549;2;1;"2023-01-13 16:26:46";"0"
550;3;1;10;1;"B";550;2;1;"2023-01-13 16:26:46";"0"
551;3;1;10;1;"B";551;2;1;"2023-01-13 16:26:46";"0"
552;3;1;10;1;"B";552;2;1;"2023-01-13 16:26:46";"0"
553;3;1;10;1;"B";553;2;1;"2023-01-13 16:26:46";"0"
554;3;1;10;1;"A";554;2;1;"2023-01-13 16:26:46";"0"
555;3;1;10;1;"B";555;2;1;"2023-01-13 16:26:46";"0"
556;3;1;10;1;"A";556;2;1;"2023-01-13 16:26:46";"0"
557;3;1;10;1;"A";557;2;1;"2023-01-13 16:26:46";"0"
558;3;1;10;1;"B";558;2;1;"2023-01-13 16:26:46";"0"
559;3;1;10;1;"B";559;2;1;"2023-01-13 16:26:46";"0"
560;3;1;10;1;"B";560;2;1;"2023-01-13 16:26:46";"0"
561;3;1;10;1;"B";561;2;1;"2023-01-13 16:26:46";"0"
562;3;1;10;1;"A";562;2;1;"2023-01-13 16:26:46";"0"
563;3;1;10;1;"B";563;2;1;"2023-01-13 16:26:46";"0"
564;3;1;10;1;"A";564;2;1;"2023-01-13 16:26:46";"0"
565;3;1;10;1;"A";565;2;1;"2023-01-13 16:26:46";"0"
566;3;1;10;1;"B";566;2;1;"2023-01-13 16:26:46";"0"
567;3;1;10;1;"A";567;2;1;"2023-01-13 16:26:46";"0"
568;3;1;10;1;"A";568;2;1;"2023-01-13 16:26:46";"0"
569;3;1;10;1;"B";569;2;1;"2023-01-13 16:26:46";"0"
570;3;1;10;1;"A";570;2;1;"2023-01-13 16:26:46";"0"
571;3;1;10;1;"B";571;2;1;"2023-01-13 16:26:46";"0"
572;3;1;10;1;"B";572;2;1;"2023-01-13 16:26:46";"0"
573;3;1;10;1;"A";573;2;1;"2023-01-13 16:26:46";"0"
574;3;1;10;1;"B";574;2;1;"2023-01-13 16:26:46";"0"
575;3;1;10;1;"B";575;2;1;"2023-01-13 16:26:46";"0"
576;3;1;10;1;"B";576;2;1;"2023-01-13 16:26:46";"0"
577;3;1;10;1;"B";577;2;1;"2023-01-13 16:26:46";"0"
578;3;1;10;1;"A";578;2;1;"2023-01-13 16:26:46";"0"
579;3;1;10;1;"A";579;2;1;"2023-01-13 16:26:46";"0"
580;3;1;10;1;"A";580;2;1;"2023-01-13 16:26:46";"0"
581;3;1;10;1;"A";581;2;1;"2023-01-13 16:26:46";"0"
582;3;1;10;1;"B";582;2;1;"2023-01-13 16:26:46";"0"
583;3;1;10;1;"B";583;2;1;"2023-01-13 16:26:46";"0"
584;3;1;10;1;"B";584;2;1;"2023-01-13 16:26:46";"0"
585;3;1;10;1;"B";585;2;1;"2023-01-13 16:26:46";"0"
586;3;1;10;1;"A";586;2;1;"2023-01-13 16:26:46";"0"
587;3;1;10;1;"B";587;2;1;"2023-01-13 16:26:46";"0"
588;3;1;10;1;"A";588;2;1;"2023-01-13 16:26:46";"0"
589;3;1;10;1;"A";589;2;1;"2023-01-13 16:26:46";"0"
590;3;1;10;1;"B";590;2;1;"2023-01-13 16:26:46";"0"
591;3;1;10;1;"B";591;2;1;"2023-01-13 16:26:46";"0"
592;3;1;10;1;"A";592;2;1;"2023-01-13 16:26:46";"0"
593;3;1;10;1;"B";593;2;1;"2023-01-13 16:26:46";"0"
594;3;1;10;1;"A";594;2;1;"2023-01-13 16:26:46";"0"
595;3;1;10;1;"A";595;2;1;"2023-01-13 16:26:46";"0"
596;3;1;10;1;"A";596;2;1;"2023-01-13 16:26:46";"0"
597;3;1;10;1;"A";597;2;1;"2023-01-13 16:26:46";"0"
598;3;1;10;1;"B";598;2;1;"2023-01-13 16:26:46";"0"
599;3;1;10;1;"B";599;2;1;"2023-01-13 16:26:46";"0"
600;3;1;10;1;"B";600;2;1;"2023-01-13 16:26:47";"0"
601;3;1;10;1;"B";601;2;1;"2023-01-13 16:26:47";"0"
602;3;1;10;1;"A";602;2;1;"2023-01-13 16:26:47";"0"
603;3;1;10;1;"A";603;2;1;"2023-01-13 16:26:47";"0"
604;3;1;10;1;"A";604;2;1;"2023-01-13 16:26:47";"0"
605;3;1;10;1;"A";605;2;1;"2023-01-13 16:26:47";"0"
606;3;1;10;1;"B";606;2;1;"2023-01-13 16:26:47";"0"
607;3;1;10;1;"A";607;2;1;"2023-01-13 16:26:47";"0"
608;3;1;10;1;"B";608;2;1;"2023-01-13 16:26:47";"0"
609;3;1;10;1;"B";609;2;1;"2023-01-13 16:26:47";"0"
610;3;1;10;1;"A";610;2;1;"2023-01-13 16:26:47";"0"
611;3;1;10;1;"B";611;2;1;"2023-01-13 16:26:47";"0"
612;3;1;10;1;"A";612;2;1;"2023-01-13 16:26:47";"0"
613;3;1;10;1;"A";613;2;1;"2023-01-13 16:26:47";"0"
614;3;1;10;1;"B";614;2;1;"2023-01-13 16:26:47";"0"
615;3;1;10;1;"B";615;2;1;"2023-01-13 16:26:47";"0"
616;3;1;10;1;"A";616;2;1;"2023-01-13 16:26:47";"0"
617;3;1;10;1;"B";617;2;1;"2023-01-13 16:26:47";"0"
618;3;1;10;1;"A";618;2;1;"2023-01-13 16:26:47";"0"
619;3;1;10;1;"A";619;2;1;"2023-01-13 16:26:47";"0"
620;3;1;10;1;"A";620;2;1;"2023-01-13 16:26:47";"0"
621;3;1;10;1;"A";621;2;1;"2023-01-13 16:26:47";"0"
622;3;1;10;1;"B";622;2;1;"2023-01-13 16:26:47";"0"
623;3;1;10;1;"B";623;2;1;"2023-01-13 16:26:47";"0"
624;3;1;10;1;"B";624;2;1;"2023-01-13 16:26:47";"0"
625;3;1;10;1;"B";625;2;1;"2023-01-13 16:26:47";"0"
626;3;1;10;1;"A";626;2;1;"2023-01-13 16:26:47";"0"
627;3;1;10;1;"B";627;2;1;"2023-01-13 16:26:47";"0"
628;3;1;10;1;"A";628;2;1;"2023-01-13 16:26:47";"0"
629;3;1;10;1;"A";629;2;1;"2023-01-13 16:26:47";"0"
630;3;1;10;1;"B";630;2;1;"2023-01-13 16:26:47";"0"
631;3;1;10;1;"B";631;2;1;"2023-01-13 16:26:47";"0"
632;3;1;10;1;"A";632;2;1;"2023-01-13 16:26:47";"0"
633;3;1;10;1;"B";633;2;1;"2023-01-13 16:26:47";"0"
634;3;1;10;1;"A";634;2;1;"2023-01-13 16:26:47";"0"
635;3;1;10;1;"A";635;2;1;"2023-01-13 16:26:47";"0"
636;3;1;10;1;"A";636;2;1;"2023-01-13 16:26:47";"0"
637;3;1;10;1;"A";637;2;1;"2023-01-13 16:26:47";"0"
638;3;1;10;1;"B";638;2;1;"2023-01-13 16:26:47";"0"
639;3;1;10;1;"A";639;2;1;"2023-01-13 16:26:47";"0"
640;3;1;10;1;"B";640;2;1;"2023-01-13 16:26:47";"0"
641;3;1;10;1;"B";641;2;1;"2023-01-13 16:26:47";"0"
642;3;1;10;1;"A";642;2;1;"2023-01-13 16:26:47";"0"
643;3;1;10;1;"B";643;2;1;"2023-01-13 16:26:47";"0"
644;3;1;10;1;"A";644;2;1;"2023-01-13 16:26:47";"0"
645;3;1;10;1;"A";645;2;1;"2023-01-13 16:26:47";"0"
646;3;1;10;1;"B";646;2;1;"2023-01-13 16:26:47";"0"
647;3;1;10;1;"B";647;2;1;"2023-01-13 16:26:47";"0"
648;3;1;10;1;"B";648;2;1;"2023-01-13 16:26:47";"0"
649;3;1;10;1;"B";649;2;1;"2023-01-13 16:26:47";"0"
650;3;1;10;1;"A";650;2;1;"2023-01-13 16:26:47";"0"
651;3;1;10;1;"B";651;2;1;"2023-01-13 16:26:47";"0"
652;3;1;10;1;"A";652;2;1;"2023-01-13 16:26:47";"0"
653;3;1;10;1;"A";653;2;1;"2023-01-13 16:26:47";"0"
654;3;1;10;1;"B";654;2;1;"2023-01-13 16:26:47";"0"
655;3;1;10;1;"A";655;2;1;"2023-01-13 16:26:47";"0"
656;3;1;10;1;"A";656;2;1;"2023-01-13 16:26:47";"0"
657;3;1;10;1;"B";657;2;1;"2023-01-13 16:26:47";"0"
658;3;1;10;1;"A";658;2;1;"2023-01-13 16:26:47";"0"
659;3;1;10;1;"B";659;2;1;"2023-01-13 16:26:47";"0"
660;3;1;10;1;"A";660;2;1;"2023-01-13 16:26:47";"0"
661;3;1;10;1;"A";661;2;1;"2023-01-13 16:26:47";"0"
662;3;1;10;1;"B";662;2;1;"2023-01-13 16:26:47";"0"
663;3;1;10;1;"B";663;2;1;"2023-01-13 16:26:47";"0"
664;3;1;10;1;"B";664;2;1;"2023-01-13 16:26:47";"0"
665;3;1;10;1;"B";665;2;1;"2023-01-13 16:26:47";"0"
666;3;1;10;1;"A";666;2;1;"2023-01-13 16:26:47";"0"
667;3;1;10;1;"B";667;2;1;"2023-01-13 16:26:47";"0"
668;3;1;10;1;"A";668;2;1;"2023-01-13 16:26:47";"0"
669;3;1;10;1;"A";669;2;1;"2023-01-13 16:26:47";"0"
670;3;1;10;1;"B";670;2;1;"2023-01-13 16:26:47";"0"
671;3;1;10;1;"A";671;2;1;"2023-01-13 16:26:47";"0"
672;3;1;10;1;"A";672;2;1;"2023-01-13 16:26:47";"0"
673;3;1;10;1;"B";673;2;1;"2023-01-13 16:26:47";"0"
674;3;1;10;1;"A";674;2;1;"2023-01-13 16:26:47";"0"
675;3;1;10;1;"B";675;2;1;"2023-01-13 16:26:47";"0"
676;3;1;10;1;"A";676;2;1;"2023-01-13 16:26:47";"0"
677;3;1;10;1;"A";677;2;1;"2023-01-13 16:26:47";"0"
678;3;1;10;1;"B";678;2;1;"2023-01-13 16:26:47";"0"
679;3;1;10;1;"B";679;2;1;"2023-01-13 16:26:47";"0"
680;3;1;10;1;"B";680;2;1;"2023-01-13 16:26:47";"0"
681;3;1;10;1;"B";681;2;1;"2023-01-13 16:26:47";"0"
682;3;1;10;1;"A";682;2;1;"2023-01-13 16:26:47";"0"
683;3;1;10;1;"A";683;2;1;"2023-01-13 16:26:47";"0"
684;3;1;10;1;"A";684;2;1;"2023-01-13 16:26:47";"0"
685;3;1;10;1;"A";685;2;1;"2023-01-13 16:26:47";"0"
686;3;1;10;1;"B";686;2;1;"2023-01-13 16:26:47";"0"
687;3;1;10;1;"A";687;2;1;"2023-01-13 16:26:47";"0"
688;3;1;10;1;"B";688;2;1;"2023-01-13 16:26:47";"0"
689;3;1;10;1;"B";689;2;1;"2023-01-13 16:26:47";"0"
690;3;1;10;1;"A";690;2;1;"2023-01-13 16:26:47";"0"
691;3;1;10;1;"B";691;2;1;"2023-01-13 16:26:47";"0"
692;3;1;10;1;"B";692;2;1;"2023-01-13 16:26:47";"0"
693;3;1;10;1;"A";693;2;1;"2023-01-13 16:26:47";"0"
694;3;1;10;1;"B";694;2;1;"2023-01-13 16:26:47";"0"
695;3;1;10;1;"B";695;2;1;"2023-01-13 16:26:47";"0"
696;3;1;10;1;"A";696;2;1;"2023-01-13 16:26:47";"0"
697;3;1;10;1;"B";697;2;1;"2023-01-13 16:26:47";"0"
698;3;1;10;1;"A";698;2;1;"2023-01-13 16:26:47";"0"
699;3;1;10;1;"A";699;2;1;"2023-01-13 16:26:47";"0"
700;3;1;10;1;"A";700;2;1;"2023-01-13 16:26:47";"0"
701;3;1;10;1;"A";701;2;1;"2023-01-13 16:26:47";"0"
702;3;1;10;1;"B";702;2;1;"2023-01-13 16:26:47";"0"
703;3;1;10;1;"B";703;2;1;"2023-01-13 16:26:47";"0"
704;3;1;10;1;"B";704;2;1;"2023-01-13 16:26:47";"0"
705;3;1;10;1;"B";705;2;1;"2023-01-13 16:26:47";"0"
706;3;1;10;1;"A";706;2;1;"2023-01-13 16:26:47";"0"
707;3;1;10;1;"B";707;2;1;"2023-01-13 16:26:47";"0"
708;3;1;10;1;"A";708;2;1;"2023-01-13 16:26:47";"0"
709;3;1;10;1;"A";709;2;1;"2023-01-13 16:26:47";"0"
710;3;1;10;1;"B";710;2;1;"2023-01-13 16:26:47";"0"
711;3;1;10;1;"B";711;2;1;"2023-01-13 16:26:47";"0"
712;3;1;10;1;"B";712;2;1;"2023-01-13 16:26:47";"0"
713;3;1;10;1;"B";713;2;1;"2023-01-13 16:26:47";"0"
714;3;1;10;1;"A";714;2;1;"2023-01-13 16:26:47";"0"
715;3;1;10;1;"A";715;2;1;"2023-01-13 16:26:47";"0"
716;3;1;10;1;"A";716;2;1;"2023-01-13 16:26:47";"0"
717;3;1;10;1;"A";717;2;1;"2023-01-13 16:26:47";"0"
718;3;1;10;1;"B";718;2;1;"2023-01-13 16:26:47";"0"
719;3;1;10;1;"A";719;2;1;"2023-01-13 16:26:47";"0"
720;3;1;10;1;"A";720;2;1;"2023-01-13 16:26:47";"0"
721;3;1;10;1;"B";721;2;1;"2023-01-13 16:26:47";"0"
722;3;1;10;1;"A";722;2;1;"2023-01-13 16:26:47";"0"
723;3;1;10;1;"A";723;2;1;"2023-01-13 16:26:47";"0"
724;3;1;10;1;"B";724;2;1;"2023-01-13 16:26:47";"0"
725;3;1;10;1;"A";725;2;1;"2023-01-13 16:26:47";"0"
726;3;1;10;1;"B";726;2;1;"2023-01-13 16:26:47";"0"
727;3;1;10;1;"B";727;2;1;"2023-01-13 16:26:47";"0"
728;3;1;10;1;"B";728;2;1;"2023-01-13 16:26:47";"0"
729;3;1;10;1;"B";729;2;1;"2023-01-13 16:26:47";"0"
730;3;1;10;1;"A";730;2;1;"2023-01-13 16:26:47";"0"
731;3;1;10;1;"A";731;2;1;"2023-01-13 16:26:47";"0"
732;3;1;10;1;"A";732;2;1;"2023-01-13 16:26:47";"0"
733;3;1;10;1;"A";733;2;1;"2023-01-13 16:26:47";"0"
734;3;1;10;1;"B";734;2;1;"2023-01-13 16:26:47";"0"
735;3;1;10;1;"A";735;2;1;"2023-01-13 16:26:47";"0"
736;3;1;10;1;"B";736;2;1;"2023-01-13 16:26:47";"0"
737;3;1;10;1;"B";737;2;1;"2023-01-13 16:26:47";"0"
738;3;1;10;1;"A";738;2;1;"2023-01-13 16:26:47";"0"
739;3;1;10;1;"B";739;2;1;"2023-01-13 16:26:47";"0"
740;3;1;10;1;"A";740;2;1;"2023-01-13 16:26:47";"0"
741;3;1;10;1;"A";741;2;1;"2023-01-13 16:26:47";"0"
742;3;1;10;1;"B";742;2;1;"2023-01-13 16:26:47";"0"
743;3;1;10;1;"B";743;2;1;"2023-01-13 16:26:47";"0"
744;3;1;10;1;"A";744;2;1;"2023-01-13 16:26:47";"0"
745;3;1;10;1;"B";745;2;1;"2023-01-13 16:26:47";"0"
746;3;1;10;1;"A";746;2;1;"2023-01-13 16:26:47";"0"
747;3;1;10;1;"A";747;2;1;"2023-01-13 16:26:47";"0"
748;3;1;10;1;"A";748;2;1;"2023-01-13 16:26:47";"0"
749;3;1;10;1;"A";749;2;1;"2023-01-13 16:26:47";"0"
750;3;1;10;1;"B";750;2;1;"2023-01-13 16:26:47";"0"
751;3;1;10;1;"A";751;2;1;"2023-01-13 16:26:47";"0"
752;3;1;10;1;"B";752;2;1;"2023-01-13 16:26:47";"0"
753;3;1;10;1;"B";753;2;1;"2023-01-13 16:26:47";"0"
754;3;1;10;1;"A";754;2;1;"2023-01-13 16:26:47";"0"
755;3;1;10;1;"B";755;2;1;"2023-01-13 16:26:47";"0"
756;3;1;10;1;"B";756;2;1;"2023-01-13 16:26:47";"0"
757;3;1;10;1;"A";757;2;1;"2023-01-13 16:26:47";"0"
758;3;1;10;1;"B";758;2;1;"2023-01-13 16:26:47";"0"
759;3;1;10;1;"A";759;2;1;"2023-01-13 16:26:47";"0"
760;3;1;10;1;"A";760;2;1;"2023-01-13 16:26:47";"0"
761;3;1;10;1;"B";761;2;1;"2023-01-13 16:26:47";"0"
762;3;1;10;1;"A";762;2;1;"2023-01-13 16:26:47";"0"
763;3;1;10;1;"A";763;2;1;"2023-01-13 16:26:47";"0"
764;3;1;10;1;"B";764;2;1;"2023-01-13 16:26:47";"0"
765;3;1;10;1;"A";765;2;1;"2023-01-13 16:26:47";"0"
766;3;1;10;1;"B";766;2;1;"2023-01-13 16:26:47";"0"
767;3;1;10;1;"A";767;2;1;"2023-01-13 16:26:47";"0"
768;3;1;10;1;"A";768;2;1;"2023-01-13 16:26:47";"0"
769;3;1;10;1;"B";769;2;1;"2023-01-13 16:26:47";"0"
770;3;1;10;1;"A";770;2;1;"2023-01-13 16:26:47";"0"
771;3;1;10;1;"B";771;2;1;"2023-01-13 16:26:47";"0"
772;3;1;10;1;"B";772;2;1;"2023-01-13 16:26:47";"0"
773;3;1;10;1;"A";773;2;1;"2023-01-13 16:26:47";"0"
774;3;1;10;1;"B";774;2;1;"2023-01-13 16:26:47";"0"
775;3;1;10;1;"B";775;2;1;"2023-01-13 16:26:47";"0"
776;3;1;10;1;"A";776;2;1;"2023-01-13 16:26:47";"0"
777;3;1;10;1;"B";777;2;1;"2023-01-13 16:26:47";"0"
778;3;1;10;1;"A";778;2;1;"2023-01-13 16:26:47";"0"
779;3;1;10;1;"A";779;2;1;"2023-01-13 16:26:47";"0"
780;3;1;10;1;"B";780;2;1;"2023-01-13 16:26:47";"0"
781;3;1;10;1;"A";781;2;1;"2023-01-13 16:26:47";"0"
782;3;1;10;1;"B";782;2;1;"2023-01-13 16:26:47";"0"
783;3;1;10;1;"A";783;2;1;"2023-01-13 16:26:47";"0"
784;3;1;10;1;"A";784;2;1;"2023-01-13 16:26:47";"0"
785;3;1;10;1;"B";785;2;1;"2023-01-13 16:26:47";"0"
786;3;1;10;1;"A";786;2;1;"2023-01-13 16:26:47";"0"
787;3;1;10;1;"B";787;2;1;"2023-01-13 16:26:47";"0"
788;3;1;10;1;"B";788;2;1;"2023-01-13 16:26:47";"0"
789;3;1;10;1;"A";789;2;1;"2023-01-13 16:26:47";"0"
790;3;1;10;1;"B";790;2;1;"2023-01-13 16:26:47";"0"
791;3;1;10;1;"A";791;2;1;"2023-01-13 16:26:47";"0"
792;3;1;10;1;"A";792;2;1;"2023-01-13 16:26:47";"0"
793;3;1;10;1;"B";793;2;1;"2023-01-13 16:26:47";"0"
794;3;1;10;1;"A";794;2;1;"2023-01-13 16:26:47";"0"
795;3;1;10;1;"B";795;2;1;"2023-01-13 16:26:47";"0"
796;3;1;10;1;"B";796;2;1;"2023-01-13 16:26:47";"0"
797;3;1;10;1;"A";797;2;1;"2023-01-13 16:26:47";"0"
798;3;1;10;1;"B";798;2;1;"2023-01-13 16:26:47";"0"
799;3;1;10;1;"A";799;2;1;"2023-01-13 16:26:47";"0"
800;3;1;10;1;"A";800;2;1;"2023-01-13 16:26:47";"0"
801;3;1;10;1;"B";801;2;1;"2023-01-13 16:26:47";"0"
802;3;1;10;1;"A";802;2;1;"2023-01-13 16:26:47";"0"
803;3;1;10;1;"A";803;2;1;"2023-01-13 16:26:47";"0"
804;3;1;10;1;"A";804;2;1;"2023-01-13 16:26:47";"0"
805;3;1;10;1;"A";805;2;1;"2023-01-13 16:26:47";"0"
806;3;1;10;1;"B";806;2;1;"2023-01-13 16:26:47";"0"
807;3;1;10;1;"B";807;2;1;"2023-01-13 16:26:47";"0"
808;3;1;10;1;"B";808;2;1;"2023-01-13 16:26:47";"0"
809;3;1;10;1;"B";809;2;1;"2023-01-13 16:26:47";"0"
810;3;1;10;1;"A";810;2;1;"2023-01-13 16:26:47";"0"
811;3;1;10;1;"B";811;2;1;"2023-01-13 16:26:47";"0"
812;3;1;10;1;"B";812;2;1;"2023-01-13 16:26:47";"0"
813;3;1;10;1;"A";813;2;1;"2023-01-13 16:26:47";"0"
814;3;1;10;1;"B";814;2;1;"2023-01-13 16:26:47";"0"
815;3;1;10;1;"A";815;2;1;"2023-01-13 16:26:47";"0"
816;3;1;10;1;"A";816;2;1;"2023-01-13 16:26:47";"0"
817;3;1;10;1;"B";817;2;1;"2023-01-13 16:26:47";"0"
818;3;1;10;1;"A";818;2;1;"2023-01-13 16:26:47";"0"
819;3;1;10;1;"A";819;2;1;"2023-01-13 16:26:47";"0"
820;3;1;10;1;"B";820;2;1;"2023-01-13 16:26:47";"0"
821;3;1;10;1;"A";821;2;1;"2023-01-13 16:26:47";"0"
822;3;1;10;1;"B";822;2;1;"2023-01-13 16:26:47";"0"
823;3;1;10;1;"A";823;2;1;"2023-01-13 16:26:47";"0"
824;3;1;10;1;"B";824;2;1;"2023-01-13 16:26:47";"0"
825;3;1;10;1;"B";825;2;1;"2023-01-13 16:26:47";"0"
826;3;1;10;1;"A";826;2;1;"2023-01-13 16:26:47";"0"
827;3;1;10;1;"B";827;2;1;"2023-01-13 16:26:47";"0"
828;3;1;10;1;"A";828;2;1;"2023-01-13 16:26:47";"0"
829;3;1;10;1;"A";829;2;1;"2023-01-13 16:26:47";"0"
830;3;1;10;1;"B";830;2;1;"2023-01-13 16:26:47";"0"
831;3;1;10;1;"B";831;2;1;"2023-01-13 16:26:47";"0"
832;3;1;10;1;"A";832;2;1;"2023-01-13 16:26:47";"0"
833;3;1;10;1;"B";833;2;1;"2023-01-13 16:26:47";"0"
834;3;1;10;1;"A";834;2;1;"2023-01-13 16:26:47";"0"
835;3;1;10;1;"A";835;2;1;"2023-01-13 16:26:47";"0"
836;3;1;10;1;"A";836;2;1;"2023-01-13 16:26:47";"0"
837;3;1;10;1;"A";837;2;1;"2023-01-13 16:26:47";"0"
838;3;1;10;1;"B";838;2;1;"2023-01-13 16:26:47";"0"
839;3;1;10;1;"A";839;2;1;"2023-01-13 16:26:47";"0"
840;3;1;10;1;"B";840;2;1;"2023-01-13 16:26:47";"0"
841;3;1;10;1;"B";841;2;1;"2023-01-13 16:26:47";"0"
842;3;1;10;1;"A";842;2;1;"2023-01-13 16:26:47";"0"
843;3;1;10;1;"A";843;2;1;"2023-01-13 16:26:47";"0"
844;3;1;10;1;"B";844;2;1;"2023-01-13 16:26:47";"0"
845;3;1;10;1;"A";845;2;1;"2023-01-13 16:26:47";"0"
846;3;1;10;1;"B";846;2;1;"2023-01-13 16:26:47";"0"
847;3;1;10;1;"B";847;2;1;"2023-01-13 16:26:47";"0"
848;3;1;10;1;"A";848;2;1;"2023-01-13 16:26:47";"0"
849;3;1;10;1;"B";849;2;1;"2023-01-13 16:26:47";"0"
850;3;1;10;1;"A";850;2;1;"2023-01-13 16:26:47";"0"
851;3;1;10;1;"A";851;2;1;"2023-01-13 16:26:47";"0"
852;3;1;10;1;"B";852;2;1;"2023-01-13 16:26:47";"0"
853;3;1;10;1;"A";853;2;1;"2023-01-13 16:26:47";"0"
854;3;1;10;1;"B";854;2;1;"2023-01-13 16:26:47";"0"
855;3;1;10;1;"A";855;2;1;"2023-01-13 16:26:47";"0"
856;3;1;10;1;"B";856;2;1;"2023-01-13 16:26:47";"0"
857;3;1;10;1;"B";857;2;1;"2023-01-13 16:26:47";"0"
858;3;1;10;1;"A";858;2;1;"2023-01-13 16:26:47";"0"
859;3;1;10;1;"A";859;2;1;"2023-01-13 16:26:47";"0"
860;3;1;10;1;"B";860;2;1;"2023-01-13 16:26:47";"0"
861;3;1;10;1;"A";861;2;1;"2023-01-13 16:26:47";"0"
862;3;1;10;1;"B";862;2;1;"2023-01-13 16:26:47";"0"
863;3;1;10;1;"A";863;2;1;"2023-01-13 16:26:47";"0"
864;3;1;10;1;"B";864;2;1;"2023-01-13 16:26:47";"0"
865;3;1;10;1;"B";865;2;1;"2023-01-13 16:26:47";"0"
866;3;1;10;1;"A";866;2;1;"2023-01-13 16:26:47";"0"
867;3;1;10;1;"B";867;2;1;"2023-01-13 16:26:47";"0"
868;3;1;10;1;"A";868;2;1;"2023-01-13 16:26:47";"0"
869;3;1;10;1;"A";869;2;1;"2023-01-13 16:26:47";"0"
870;3;1;10;1;"B";870;2;1;"2023-01-13 16:26:47";"0"
871;3;1;10;1;"A";871;2;1;"2023-01-13 16:26:47";"0"
872;3;1;10;1;"B";872;2;1;"2023-01-13 16:26:47";"0"
873;3;1;10;1;"B";873;2;1;"2023-01-13 16:26:47";"0"
874;3;1;10;1;"A";874;2;1;"2023-01-13 16:26:47";"0"
875;3;1;10;1;"A";875;2;1;"2023-01-13 16:26:47";"0"
876;3;1;10;1;"B";876;2;1;"2023-01-13 16:26:47";"0"
877;3;1;10;1;"A";877;2;1;"2023-01-13 16:26:47";"0"
878;3;1;10;1;"B";878;2;1;"2023-01-13 16:26:47";"0"
879;3;1;10;1;"B";879;2;1;"2023-01-13 16:26:47";"0"
880;3;1;10;1;"A";880;2;1;"2023-01-13 16:26:47";"0"
881;3;1;10;1;"B";881;2;1;"2023-01-13 16:26:47";"0"
882;3;1;10;1;"A";882;2;1;"2023-01-13 16:26:47";"0"
883;3;1;10;1;"A";883;2;1;"2023-01-13 16:26:47";"0"
884;3;1;10;1;"B";884;2;1;"2023-01-13 16:26:47";"0"
885;3;1;10;1;"A";885;2;1;"2023-01-13 16:26:47";"0"
886;3;1;10;1;"B";886;2;1;"2023-01-13 16:26:47";"0"
887;3;1;10;1;"B";887;2;1;"2023-01-13 16:26:47";"0"
888;3;1;10;1;"A";888;2;1;"2023-01-13 16:26:47";"0"
889;3;1;10;1;"B";889;2;1;"2023-01-13 16:26:47";"0"
890;3;1;10;1;"A";890;2;1;"2023-01-13 16:26:47";"0"
891;3;1;10;1;"A";891;2;1;"2023-01-13 16:26:47";"0"
892;3;1;10;1;"B";892;2;1;"2023-01-13 16:26:47";"0"
893;3;1;10;1;"A";893;2;1;"2023-01-13 16:26:47";"0"
894;3;1;10;1;"B";894;2;1;"2023-01-13 16:26:47";"0"
895;3;1;10;1;"A";895;2;1;"2023-01-13 16:26:47";"0"
896;3;1;10;1;"B";896;2;1;"2023-01-13 16:26:47";"0"
897;3;1;10;1;"B";897;2;1;"2023-01-13 16:26:47";"0"
898;3;1;10;1;"A";898;2;1;"2023-01-13 16:26:47";"0"
899;3;1;10;1;"B";899;2;1;"2023-01-13 16:26:47";"0"
900;3;1;10;1;"A";900;2;1;"2023-01-13 16:26:47";"0"
901;3;1;10;1;"A";901;2;1;"2023-01-13 16:26:47";"0"
902;3;1;10;1;"B";902;2;1;"2023-01-13 16:26:47";"0"
903;3;1;10;1;"B";903;2;1;"2023-01-13 16:26:47";"0"
904;3;1;10;1;"B";904;2;1;"2023-01-13 16:26:47";"0"
905;3;1;10;1;"B";905;2;1;"2023-01-13 16:26:47";"0"
906;3;1;10;1;"A";906;2;1;"2023-01-13 16:26:47";"0"
907;3;1;10;1;"A";907;2;1;"2023-01-13 16:26:47";"0"
908;3;1;10;1;"B";908;2;1;"2023-01-13 16:26:47";"0"
909;3;1;10;1;"A";909;2;1;"2023-01-13 16:26:47";"0"
910;3;1;10;1;"B";910;2;1;"2023-01-13 16:26:47";"0"
911;3;1;10;1;"A";911;2;1;"2023-01-13 16:26:47";"0"
912;3;1;10;1;"A";912;2;1;"2023-01-13 16:26:47";"0"
913;3;1;10;1;"B";913;2;1;"2023-01-13 16:26:47";"0"
914;3;1;10;1;"A";914;2;1;"2023-01-13 16:26:47";"0"
915;3;1;10;1;"B";915;2;1;"2023-01-13 16:26:47";"0"
916;3;1;10;1;"B";916;2;1;"2023-01-13 16:26:47";"0"
917;3;1;10;1;"A";917;2;1;"2023-01-13 16:26:47";"0"
918;3;1;10;1;"B";919;2;1;"2023-01-13 16:28:05";"0"
919;3;1;10;1;"B";920;2;1;"2023-01-13 16:28:05";"0"
920;3;1;10;1;"B";921;2;1;"2023-01-13 16:28:05";"0"
921;3;1;10;1;"B";922;2;1;"2023-01-13 16:28:05";"0"
922;3;1;10;1;"A";923;2;1;"2023-01-13 16:28:05";"0"
923;3;1;10;1;"A";924;2;1;"2023-01-13 16:28:05";"0"
924;3;1;10;1;"A";925;2;1;"2023-01-13 16:28:05";"0"
925;3;1;10;1;"A";926;2;1;"2023-01-13 16:28:05";"0"
926;3;1;10;1;"B";927;2;1;"2023-01-13 16:28:05";"0"
927;3;1;10;1;"B";928;2;1;"2023-01-13 16:28:05";"0"
928;3;1;10;1;"A";929;2;1;"2023-01-13 16:28:05";"0"
929;3;1;10;1;"B";930;2;1;"2023-01-13 16:28:05";"0"
930;3;1;10;1;"A";931;2;1;"2023-01-13 16:28:05";"0"
931;3;1;10;1;"A";932;2;1;"2023-01-13 16:28:05";"0"
932;3;1;10;1;"B";933;2;1;"2023-01-13 16:28:05";"0"
933;3;1;10;1;"A";934;2;1;"2023-01-13 16:28:05";"0"
934;3;1;10;1;"B";935;2;1;"2023-01-13 16:28:05";"0"
935;3;1;10;1;"A";936;2;1;"2023-01-13 16:28:05";"0"
936;3;1;10;1;"A";937;2;1;"2023-01-13 16:28:05";"0"
937;3;1;10;1;"B";938;2;1;"2023-01-13 16:28:05";"0"
938;3;1;10;1;"A";939;2;1;"2023-01-13 16:28:05";"0"
939;3;1;10;1;"A";940;2;1;"2023-01-13 16:28:05";"0"
940;3;1;10;1;"A";941;2;1;"2023-01-13 16:28:05";"0"
941;3;1;10;1;"A";942;2;1;"2023-01-13 16:28:05";"0"
942;3;1;10;1;"B";943;2;1;"2023-01-13 16:28:05";"0"
943;3;1;10;1;"A";944;2;1;"2023-01-13 16:28:05";"0"
944;3;1;10;1;"A";945;2;1;"2023-01-13 16:28:05";"0"
945;3;1;10;1;"B";946;2;1;"2023-01-13 16:28:05";"0"
946;3;1;10;1;"A";947;2;1;"2023-01-13 16:28:05";"0"
947;3;1;10;1;"B";948;2;1;"2023-01-13 16:28:05";"0"
948;3;1;10;1;"B";949;2;1;"2023-01-13 16:28:05";"0"
949;3;1;10;1;"A";950;2;1;"2023-01-13 16:28:05";"0"
950;3;1;10;1;"B";951;2;1;"2023-01-13 16:28:05";"0"
951;3;1;10;1;"A";952;2;1;"2023-01-13 16:28:05";"0"
952;3;1;10;1;"B";953;2;1;"2023-01-13 16:28:05";"0"
953;3;1;10;1;"B";954;2;1;"2023-01-13 16:28:05";"0"
954;3;1;10;1;"A";955;2;1;"2023-01-13 16:28:05";"0"
955;3;1;10;1;"B";956;2;1;"2023-01-13 16:28:05";"0"
956;3;1;10;1;"A";957;2;1;"2023-01-13 16:28:05";"0"
957;3;1;10;1;"A";958;2;1;"2023-01-13 16:28:05";"0"
958;3;1;10;1;"B";959;2;1;"2023-01-13 16:28:05";"0"
959;3;1;10;1;"A";960;2;1;"2023-01-13 16:28:05";"0"
960;3;1;10;1;"B";961;2;1;"2023-01-13 16:28:05";"0"
961;3;1;10;1;"B";962;2;1;"2023-01-13 16:28:05";"0"
962;3;1;10;1;"A";963;2;1;"2023-01-13 16:28:05";"0"
963;3;1;10;1;"A";964;2;1;"2023-01-13 16:28:05";"0"
964;3;1;10;1;"B";965;2;1;"2023-01-13 16:28:05";"0"
965;3;1;10;1;"A";966;2;1;"2023-01-13 16:28:05";"0"
966;3;1;10;1;"B";967;2;1;"2023-01-13 16:28:05";"0"
967;3;1;10;1;"A";968;2;1;"2023-01-13 16:28:05";"0"
968;3;1;10;1;"A";969;2;1;"2023-01-13 16:28:05";"0"
969;3;1;10;1;"B";970;2;1;"2023-01-13 16:28:05";"0"
970;3;1;10;1;"A";971;2;1;"2023-01-13 16:28:05";"0"
971;3;1;10;1;"B";972;2;1;"2023-01-13 16:28:05";"0"
972;3;1;10;1;"B";973;2;1;"2023-01-13 16:28:05";"0"
973;3;1;10;1;"A";974;2;1;"2023-01-13 16:28:05";"0"
974;3;1;10;1;"B";975;2;1;"2023-01-13 16:28:05";"0"
975;3;1;10;1;"A";976;2;1;"2023-01-13 16:28:05";"0"
976;3;1;10;1;"A";977;2;1;"2023-01-13 16:28:05";"0"
977;3;1;10;1;"B";978;2;1;"2023-01-13 16:28:05";"0"
978;3;1;10;1;"A";979;2;1;"2023-01-13 16:28:05";"0"
979;3;1;10;1;"B";980;2;1;"2023-01-13 16:28:05";"0"
980;3;1;10;1;"A";981;2;1;"2023-01-13 16:28:05";"0"
981;3;1;10;1;"A";982;2;1;"2023-01-13 16:28:05";"0"
982;3;1;10;1;"B";983;2;1;"2023-01-13 16:28:05";"0"
983;3;1;10;1;"A";984;2;1;"2023-01-13 16:28:05";"0"
984;3;1;10;1;"B";985;2;1;"2023-01-13 16:28:05";"0"
985;3;1;10;1;"B";986;2;1;"2023-01-13 16:28:05";"0"
986;3;1;10;1;"A";987;2;1;"2023-01-13 16:28:05";"0"
987;3;1;10;1;"B";988;2;1;"2023-01-13 16:28:05";"0"
988;3;1;10;1;"A";989;2;1;"2023-01-13 16:28:05";"0"
989;3;1;10;1;"A";990;2;1;"2023-01-13 16:28:05";"0"
990;3;1;10;1;"B";991;2;1;"2023-01-13 16:28:05";"0"
991;3;1;10;1;"B";992;2;1;"2023-01-13 16:28:05";"0"
992;3;1;10;1;"B";993;2;1;"2023-01-13 16:28:05";"0"
993;3;1;10;1;"B";994;2;1;"2023-01-13 16:28:05";"0"
994;3;1;10;1;"A";995;2;1;"2023-01-13 16:28:05";"0"
995;3;1;10;1;"A";996;2;1;"2023-01-13 16:28:05";"0"
996;3;1;10;1;"A";997;2;1;"2023-01-13 16:28:05";"0"
997;3;1;10;1;"A";998;2;1;"2023-01-13 16:28:05";"0"
998;3;1;10;1;"B";999;2;1;"2023-01-13 16:28:05";"0"
999;3;1;10;1;"A";1000;2;1;"2023-01-13 16:28:05";"0"
1000;3;1;10;1;"B";1001;2;1;"2023-01-13 16:28:05";"0"
1001;3;1;10;1;"B";1002;2;1;"2023-01-13 16:28:05";"0"
1002;3;1;10;1;"A";1003;2;1;"2023-01-13 16:28:05";"0"
1003;3;1;10;1;"A";1004;2;1;"2023-01-13 16:28:05";"0"
1004;3;1;10;1;"B";1005;2;1;"2023-01-13 16:28:05";"0"
1005;3;1;10;1;"B";1006;2;1;"2023-01-13 16:28:05";"0"
1006;3;1;10;1;"A";1007;2;1;"2023-01-13 16:28:05";"0"
1007;3;1;10;1;"A";1008;2;1;"2023-01-13 16:28:05";"0"
1008;3;1;10;1;"B";1009;2;1;"2023-01-13 16:28:05";"0"
1009;3;1;10;1;"B";1010;2;1;"2023-01-13 16:28:05";"0"
1010;3;1;10;1;"A";1011;2;1;"2023-01-13 16:28:05";"0"
1011;3;1;10;1;"A";1012;2;1;"2023-01-13 16:28:05";"0"
1012;3;1;10;1;"B";1013;2;1;"2023-01-13 16:28:05";"0"
1013;3;1;10;1;"B";1014;2;1;"2023-01-13 16:28:05";"0"
1014;3;1;10;1;"A";1015;2;1;"2023-01-13 16:28:05";"0"
1015;3;1;10;1;"A";1016;2;1;"2023-01-13 16:28:05";"0"
1016;3;1;10;1;"B";1017;2;1;"2023-01-13 16:28:05";"0"
1017;3;1;10;1;"B";1018;2;1;"2023-01-13 16:28:05";"0"
1018;3;1;10;1;"A";1019;2;1;"2023-01-13 16:28:05";"0"
1019;3;1;10;1;"A";1020;2;1;"2023-01-13 16:28:05";"0"
1020;3;1;10;1;"B";1021;2;1;"2023-01-13 16:28:05";"0"
1021;3;1;10;1;"B";1022;2;1;"2023-01-13 16:28:05";"0"
1022;3;1;10;1;"A";1023;2;1;"2023-01-13 16:28:05";"0"
1023;3;1;10;1;"A";1024;2;1;"2023-01-13 16:28:05";"0"
1024;3;1;10;1;"B";1025;2;1;"2023-01-13 16:28:05";"0"
1025;3;1;10;1;"B";1026;2;1;"2023-01-13 16:28:05";"0"
1026;3;1;10;1;"A";1027;2;1;"2023-01-13 16:28:05";"0"
1027;3;1;10;1;"A";1028;2;1;"2023-01-13 16:28:05";"0"
1028;3;1;10;1;"B";1029;2;1;"2023-01-13 16:28:05";"0"
1029;3;1;10;1;"B";1030;2;1;"2023-01-13 16:28:05";"0"
1030;3;1;10;1;"A";1031;2;1;"2023-01-13 16:28:05";"0"
1031;3;1;10;1;"A";1032;2;1;"2023-01-13 16:28:05";"0"
1032;3;1;10;1;"B";1033;2;1;"2023-01-13 16:28:05";"0"
1033;3;1;10;1;"B";1034;2;1;"2023-01-13 16:28:05";"0"
1034;3;1;10;1;"A";1035;2;1;"2023-01-13 16:28:05";"0"
1035;3;1;10;1;"A";1036;2;1;"2023-01-13 16:28:05";"0"
1036;3;1;10;1;"B";1037;2;1;"2023-01-13 16:28:05";"0"
1037;3;1;10;1;"B";1038;2;1;"2023-01-13 16:28:05";"0"
1038;3;1;10;1;"A";1039;2;1;"2023-01-13 16:28:05";"0"
1039;3;1;10;1;"A";1040;2;1;"2023-01-13 16:28:05";"0"
1040;3;1;10;1;"B";1041;2;1;"2023-01-13 16:28:05";"0"
1041;3;1;10;1;"B";1042;2;1;"2023-01-13 16:28:05";"0"
1042;3;1;10;1;"A";1043;2;1;"2023-01-13 16:28:05";"0"
1043;3;1;10;1;"A";1044;2;1;"2023-01-13 16:28:05";"0"
1044;3;1;10;1;"B";1045;2;1;"2023-01-13 16:28:06";"0"
1045;3;1;10;1;"B";1046;2;1;"2023-01-13 16:28:06";"0"
1046;3;1;10;1;"A";1047;2;1;"2023-01-13 16:28:06";"0"
1047;3;1;10;1;"A";1048;2;1;"2023-01-13 16:28:06";"0"
1048;3;1;10;1;"B";1049;2;1;"2023-01-13 16:28:06";"0"
1049;3;1;10;1;"B";1050;2;1;"2023-01-13 16:28:06";"0"
1050;3;1;10;1;"A";1051;2;1;"2023-01-13 16:28:06";"0"
1051;3;1;10;1;"A";1052;2;1;"2023-01-13 16:28:06";"0"
1052;3;1;10;1;"B";1053;2;1;"2023-01-13 16:28:06";"0"
1053;3;1;10;1;"B";1054;2;1;"2023-01-13 16:28:06";"0"
1054;3;1;10;1;"A";1055;2;1;"2023-01-13 16:28:06";"0"
1055;3;1;10;1;"A";1056;2;1;"2023-01-13 16:28:06";"0"
1056;3;1;10;1;"B";1057;2;1;"2023-01-13 16:28:06";"0"
1057;3;1;10;1;"B";1058;2;1;"2023-01-13 16:28:06";"0"
1058;3;1;10;1;"A";1059;2;1;"2023-01-13 16:28:06";"0"
1059;3;1;10;1;"A";1060;2;1;"2023-01-13 16:28:06";"0"
1060;3;1;10;1;"B";1061;2;1;"2023-01-13 16:28:06";"0"
1061;3;1;10;1;"B";1062;2;1;"2023-01-13 16:28:06";"0"
1062;3;1;10;1;"A";1063;2;1;"2023-01-13 16:28:06";"0"
1063;3;1;10;1;"A";1064;2;1;"2023-01-13 16:28:06";"0"
1064;3;1;10;1;"B";1065;2;1;"2023-01-13 16:28:06";"0"
1065;3;1;10;1;"B";1066;2;1;"2023-01-13 16:28:06";"0"
1066;3;1;10;1;"A";1067;2;1;"2023-01-13 16:28:06";"0"
1067;3;1;10;1;"A";1068;2;1;"2023-01-13 16:28:06";"0"
1068;3;1;10;1;"B";1069;2;1;"2023-01-13 16:28:06";"0"
1069;3;1;10;1;"B";1070;2;1;"2023-01-13 16:28:06";"0"
1070;3;1;10;1;"A";1071;2;1;"2023-01-13 16:28:06";"0"
1071;3;1;10;1;"A";1072;2;1;"2023-01-13 16:28:06";"0"
1072;3;1;10;1;"B";1073;2;1;"2023-01-13 16:28:06";"0"
1073;3;1;10;1;"B";1074;2;1;"2023-01-13 16:28:06";"0"
1074;3;1;10;1;"A";1075;2;1;"2023-01-13 16:28:06";"0"
1075;3;1;10;1;"A";1076;2;1;"2023-01-13 16:28:06";"0"
1076;3;1;10;1;"B";1077;2;1;"2023-01-13 16:28:06";"0"
1077;3;1;10;1;"B";1078;2;1;"2023-01-13 16:28:06";"0"
1078;3;1;10;1;"A";1079;2;1;"2023-01-13 16:28:06";"0"
1079;3;1;10;1;"A";1080;2;1;"2023-01-13 16:28:06";"0"
1080;3;1;10;1;"B";1081;2;1;"2023-01-13 16:28:06";"0"
1081;3;1;10;1;"B";1082;2;1;"2023-01-13 16:28:06";"0"
1082;3;1;10;1;"A";1083;2;1;"2023-01-13 16:28:06";"0"
1083;3;1;10;1;"A";1084;2;1;"2023-01-13 16:28:06";"0"
1084;3;1;10;1;"B";1085;2;1;"2023-01-13 16:28:06";"0"
1085;3;1;10;1;"B";1086;2;1;"2023-01-13 16:28:06";"0"
1086;3;1;10;1;"A";1087;2;1;"2023-01-13 16:28:06";"0"
1087;3;1;10;1;"A";1088;2;1;"2023-01-13 16:28:06";"0"
1088;3;1;10;1;"B";1089;2;1;"2023-01-13 16:28:06";"0"
1089;3;1;10;1;"B";1090;2;1;"2023-01-13 16:28:06";"0"
1090;3;1;10;1;"A";1091;2;1;"2023-01-13 16:28:06";"0"
1091;3;1;10;1;"A";1092;2;1;"2023-01-13 16:28:06";"0"
1092;3;1;10;1;"B";1093;2;1;"2023-01-13 16:28:06";"0"
1093;3;1;10;1;"B";1094;2;1;"2023-01-13 16:28:06";"0"
1094;3;1;10;1;"A";1095;2;1;"2023-01-13 16:28:06";"0"
1095;3;1;10;1;"A";1096;2;1;"2023-01-13 16:28:06";"0"
1096;3;1;10;1;"B";1097;2;1;"2023-01-13 16:28:06";"0"
1097;3;1;10;1;"B";1098;2;1;"2023-01-13 16:28:06";"0"
1098;3;1;10;1;"A";1099;2;1;"2023-01-13 16:28:06";"0"
1099;3;1;10;1;"A";1100;2;1;"2023-01-13 16:28:06";"0"
1100;3;1;10;1;"B";1101;2;1;"2023-01-13 16:28:06";"0"
1101;3;1;10;1;"B";1102;2;1;"2023-01-13 16:28:06";"0"
1102;3;1;10;1;"A";1103;2;1;"2023-01-13 16:28:06";"0"
1103;3;1;10;1;"A";1104;2;1;"2023-01-13 16:28:06";"0"
1104;3;1;10;1;"B";1105;2;1;"2023-01-13 16:28:06";"0"
1105;3;1;10;1;"B";1106;2;1;"2023-01-13 16:28:06";"0"
1106;3;1;10;1;"A";1107;2;1;"2023-01-13 16:28:06";"0"
1107;3;1;10;1;"A";1108;2;1;"2023-01-13 16:28:06";"0"
1108;3;1;10;1;"B";1109;2;1;"2023-01-13 16:28:06";"0"
1109;3;1;10;1;"B";1110;2;1;"2023-01-13 16:28:06";"0"
1110;3;1;10;1;"A";1111;2;1;"2023-01-13 16:28:06";"0"
1111;3;1;10;1;"A";1112;2;1;"2023-01-13 16:28:06";"0"
1112;3;1;10;1;"B";1113;2;1;"2023-01-13 16:28:06";"0"
1113;3;1;10;1;"B";1114;2;1;"2023-01-13 16:28:06";"0"
1114;3;1;10;1;"A";1115;2;1;"2023-01-13 16:28:06";"0"
1115;3;1;10;1;"A";1116;2;1;"2023-01-13 16:28:06";"0"
1116;3;1;10;1;"B";1117;2;1;"2023-01-13 16:28:06";"0"
1117;3;1;10;1;"B";1118;2;1;"2023-01-13 16:28:06";"0"
1118;3;1;10;1;"A";1119;2;1;"2023-01-13 16:28:06";"0"
1119;3;1;10;1;"A";1120;2;1;"2023-01-13 16:28:06";"0"
1120;3;1;10;1;"B";1121;2;1;"2023-01-13 16:28:06";"0"
1121;3;1;10;1;"B";1122;2;1;"2023-01-13 16:28:06";"0"
1122;3;1;10;1;"A";1123;2;1;"2023-01-13 16:28:06";"0"
1123;3;1;10;1;"A";1124;2;1;"2023-01-13 16:28:06";"0"
1124;3;1;10;1;"B";1125;2;1;"2023-01-13 16:28:06";"0"
1125;3;1;10;1;"B";1126;2;1;"2023-01-13 16:28:06";"0"
1126;3;1;10;1;"A";1127;2;1;"2023-01-13 16:28:06";"0"
1127;3;1;10;1;"A";1128;2;1;"2023-01-13 16:28:06";"0"
1128;3;1;10;1;"B";1129;2;1;"2023-01-13 16:28:06";"0"
1129;3;1;10;1;"B";1130;2;1;"2023-01-13 16:28:06";"0"
1130;3;1;10;1;"A";1131;2;1;"2023-01-13 16:28:06";"0"
1131;3;1;10;1;"A";1132;2;1;"2023-01-13 16:28:06";"0"
1132;3;1;10;1;"B";1133;2;1;"2023-01-13 16:28:06";"0"
1133;3;1;10;1;"B";1134;2;1;"2023-01-13 16:28:06";"0"
1134;3;1;10;1;"A";1135;2;1;"2023-01-13 16:28:06";"0"
1135;3;1;10;1;"A";1136;2;1;"2023-01-13 16:28:06";"0"
1136;3;1;10;1;"B";1137;2;1;"2023-01-13 16:28:06";"0"
1137;3;1;10;1;"B";1138;2;1;"2023-01-13 16:28:06";"0"
1138;3;1;10;1;"A";1139;2;1;"2023-01-13 16:28:06";"0"
1139;3;1;10;1;"A";1140;2;1;"2023-01-13 16:28:06";"0"
1140;3;1;10;1;"B";1141;2;1;"2023-01-13 16:28:06";"0"
1141;3;1;10;1;"B";1142;2;1;"2023-01-13 16:28:06";"0"
1142;3;1;10;1;"A";1143;2;1;"2023-01-13 16:28:06";"0"
1143;3;1;10;1;"A";1144;2;1;"2023-01-13 16:28:06";"0"
1144;3;1;10;1;"B";1145;2;1;"2023-01-13 16:28:06";"0"
1145;3;1;10;1;"B";1146;2;1;"2023-01-13 16:28:06";"0"
1146;3;1;10;1;"A";1147;2;1;"2023-01-13 16:28:06";"0"
1147;3;1;10;1;"A";1148;2;1;"2023-01-13 16:28:06";"0"
1148;3;1;10;1;"B";1149;2;1;"2023-01-13 16:28:06";"0"
1149;3;1;10;1;"B";1150;2;1;"2023-01-13 16:28:06";"0"
1150;3;1;10;1;"A";1151;2;1;"2023-01-13 16:28:06";"0"
1151;3;1;10;1;"A";1152;2;1;"2023-01-13 16:28:06";"0"
1152;3;1;10;1;"B";1153;2;1;"2023-01-13 16:28:06";"0"
1153;3;1;10;1;"B";1154;2;1;"2023-01-13 16:28:06";"0"
1154;3;1;10;1;"A";1155;2;1;"2023-01-13 16:28:06";"0"
1155;3;1;10;1;"A";1156;2;1;"2023-01-13 16:28:06";"0"
1156;3;1;10;1;"B";1157;2;1;"2023-01-13 16:28:06";"0"
1157;3;1;10;1;"B";1158;2;1;"2023-01-13 16:28:06";"0"
1158;3;1;10;1;"A";1159;2;1;"2023-01-13 16:28:06";"0"
1159;3;1;10;1;"A";1160;2;1;"2023-01-13 16:28:06";"0"
1160;3;1;10;1;"B";1161;2;1;"2023-01-13 16:28:06";"0"
1161;3;1;10;1;"B";1162;2;1;"2023-01-13 16:28:06";"0"
1162;3;1;10;1;"A";1163;2;1;"2023-01-13 16:28:06";"0"
1163;3;1;10;1;"A";1164;2;1;"2023-01-13 16:28:06";"0"
1164;3;1;10;1;"B";1165;2;1;"2023-01-13 16:28:06";"0"
1165;3;1;10;1;"B";1166;2;1;"2023-01-13 16:28:06";"0"
1166;3;1;10;1;"A";1167;2;1;"2023-01-13 16:28:06";"0"
1167;3;1;10;1;"A";1168;2;1;"2023-01-13 16:28:06";"0"
1168;3;1;10;1;"B";1169;2;1;"2023-01-13 16:28:06";"0"
1169;3;1;10;1;"B";1170;2;1;"2023-01-13 16:28:06";"0"
1170;3;1;10;1;"A";1171;2;1;"2023-01-13 16:28:06";"0"
1171;3;1;10;1;"A";1172;2;1;"2023-01-13 16:28:06";"0"
1172;3;1;10;1;"B";1173;2;1;"2023-01-13 16:28:06";"0"
1173;3;1;10;1;"B";1174;2;1;"2023-01-13 16:28:06";"0"
1174;3;1;10;1;"A";1175;2;1;"2023-01-13 16:28:06";"0"
1175;3;1;10;1;"A";1176;2;1;"2023-01-13 16:28:06";"0"
1176;3;1;10;1;"B";1177;2;1;"2023-01-13 16:28:06";"0"
1177;3;1;10;1;"B";1178;2;1;"2023-01-13 16:28:06";"0"
1178;3;1;10;1;"A";1179;2;1;"2023-01-13 16:28:06";"0"
1179;3;1;10;1;"A";1180;2;1;"2023-01-13 16:28:06";"0"
1180;3;1;10;1;"B";1181;2;1;"2023-01-13 16:28:06";"0"
1181;3;1;10;1;"B";1182;2;1;"2023-01-13 16:28:06";"0"
1182;3;1;10;1;"A";1183;2;1;"2023-01-13 16:28:06";"0"
1183;3;1;10;1;"A";1184;2;1;"2023-01-13 16:28:06";"0"
1184;3;1;10;1;"B";1185;2;1;"2023-01-13 16:28:06";"0"
1185;3;1;10;1;"B";1186;2;1;"2023-01-13 16:28:06";"0"
1186;3;1;10;1;"A";1187;2;1;"2023-01-13 16:28:06";"0"
1187;3;1;10;1;"A";1188;2;1;"2023-01-13 16:28:06";"0"
1188;3;1;10;1;"B";1189;2;1;"2023-01-13 16:28:06";"0"
1189;3;1;10;1;"B";1190;2;1;"2023-01-13 16:28:06";"0"
1190;3;1;10;1;"A";1191;2;1;"2023-01-13 16:28:06";"0"
1191;3;1;10;1;"A";1192;2;1;"2023-01-13 16:28:06";"0"
1192;3;1;10;1;"B";1193;2;1;"2023-01-13 16:28:06";"0"
1193;3;1;10;1;"B";1194;2;1;"2023-01-13 16:28:06";"0"
1194;3;1;10;1;"A";1195;2;1;"2023-01-13 16:28:06";"0"
1195;3;1;10;1;"A";1196;2;1;"2023-01-13 16:28:06";"0"
1196;3;1;10;1;"B";1197;2;1;"2023-01-13 16:28:06";"0"
1197;3;1;10;1;"B";1198;2;1;"2023-01-13 16:28:06";"0"
1198;3;1;10;1;"A";1199;2;1;"2023-01-13 16:28:06";"0"
1199;3;1;10;1;"A";1200;2;1;"2023-01-13 16:28:06";"0"
1200;3;1;10;1;"B";1201;2;1;"2023-01-13 16:28:06";"0"
1201;3;1;10;1;"B";1202;2;1;"2023-01-13 16:28:06";"0"
1202;3;1;10;1;"A";1203;2;1;"2023-01-13 16:28:06";"0"
1203;3;1;10;1;"A";1204;2;1;"2023-01-13 16:28:06";"0"
1204;3;1;10;1;"B";1205;2;1;"2023-01-13 16:28:06";"0"
1205;3;1;10;1;"B";1206;2;1;"2023-01-13 16:28:06";"0"
1206;3;1;10;1;"A";1207;2;1;"2023-01-13 16:28:06";"0"
1207;3;1;10;1;"A";1208;2;1;"2023-01-13 16:28:06";"0"
1208;3;1;10;1;"B";1209;2;1;"2023-01-13 16:28:06";"0"
1209;3;1;10;1;"B";1210;2;1;"2023-01-13 16:28:06";"0"
1210;3;1;10;1;"A";1211;2;1;"2023-01-13 16:28:06";"0"
1211;3;1;10;1;"A";1212;2;1;"2023-01-13 16:28:06";"0"
1212;3;1;10;1;"B";1213;2;1;"2023-01-13 16:28:06";"0"
1213;3;1;10;1;"B";1214;2;1;"2023-01-13 16:28:06";"0"
1214;3;1;10;1;"A";1215;2;1;"2023-01-13 16:28:06";"0"
1215;3;1;10;1;"A";1216;2;1;"2023-01-13 16:28:06";"0"
1216;3;1;10;1;"B";1217;2;1;"2023-01-13 16:28:06";"0"
1217;3;1;10;1;"B";1218;2;1;"2023-01-13 16:28:06";"0"
1218;3;1;10;1;"A";1219;2;1;"2023-01-13 16:28:06";"0"
1219;3;1;10;1;"A";1220;2;1;"2023-01-13 16:28:06";"0"
1220;3;1;10;1;"B";1221;2;1;"2023-01-13 16:28:06";"0"
1221;3;1;10;1;"B";1222;2;1;"2023-01-13 16:28:06";"0"
1222;3;1;10;1;"A";1223;2;1;"2023-01-13 16:28:06";"0"
1223;3;1;10;1;"A";1224;2;1;"2023-01-13 16:28:06";"0"
1224;3;1;10;1;"B";1225;2;1;"2023-01-13 16:28:06";"0"
1225;3;1;10;1;"B";1226;2;1;"2023-01-13 16:28:06";"0"
1226;3;1;10;1;"A";1227;2;1;"2023-01-13 16:28:06";"0"
1227;3;1;10;1;"A";1228;2;1;"2023-01-13 16:28:06";"0"
1228;3;1;10;1;"B";1229;2;1;"2023-01-13 16:28:06";"0"
1229;3;1;10;1;"B";1230;2;1;"2023-01-13 16:28:06";"0"
1230;3;1;10;1;"A";1231;2;1;"2023-01-13 16:28:06";"0"
1231;3;1;10;1;"A";1232;2;1;"2023-01-13 16:28:06";"0"
1232;3;1;10;1;"B";1233;2;1;"2023-01-13 16:28:06";"0"
1233;3;1;10;1;"B";1234;2;1;"2023-01-13 16:28:06";"0"
1234;3;1;10;1;"A";1235;2;1;"2023-01-13 16:28:06";"0"
1235;3;1;10;1;"A";1236;2;1;"2023-01-13 16:28:06";"0"
1236;3;1;10;1;"B";1237;2;1;"2023-01-13 16:28:06";"0"
1237;3;1;10;1;"B";1238;2;1;"2023-01-13 16:28:06";"0"
1238;3;1;10;1;"A";1239;2;1;"2023-01-13 16:28:06";"0"
1239;3;1;10;1;"A";1240;2;1;"2023-01-13 16:28:06";"0"
1240;3;1;10;1;"B";1241;2;1;"2023-01-13 16:28:06";"0"
1241;3;1;10;1;"B";1242;2;1;"2023-01-13 16:28:06";"0"
1242;3;1;10;1;"A";1243;2;1;"2023-01-13 16:28:06";"0"
1243;3;1;10;1;"A";1244;2;1;"2023-01-13 16:28:06";"0"
1244;3;1;10;1;"B";1245;2;1;"2023-01-13 16:28:06";"0"
1245;3;1;10;1;"B";1246;2;1;"2023-01-13 16:28:06";"0"
1246;3;1;10;1;"A";1247;2;1;"2023-01-13 16:28:06";"0"
1247;3;1;10;1;"A";1248;2;1;"2023-01-13 16:28:06";"0"
1248;3;1;10;1;"B";1249;2;1;"2023-01-13 16:28:06";"0"
1249;3;1;10;1;"B";1250;2;1;"2023-01-13 16:28:06";"0"
1250;3;1;10;1;"A";1251;2;1;"2023-01-13 16:28:06";"0"
1251;3;1;10;1;"A";1252;2;1;"2023-01-13 16:28:06";"0"
1252;3;1;10;1;"B";1253;2;1;"2023-01-13 16:28:06";"0"
1253;3;1;10;1;"B";1254;2;1;"2023-01-13 16:28:06";"0"
1254;3;1;10;1;"A";1255;2;1;"2023-01-13 16:28:06";"0"
1255;3;1;10;1;"A";1256;2;1;"2023-01-13 16:28:06";"0"
1256;3;1;10;1;"B";1257;2;1;"2023-01-13 16:28:06";"0"
1257;3;1;10;1;"B";1258;2;1;"2023-01-13 16:28:06";"0"
1258;3;1;10;1;"A";1259;2;1;"2023-01-13 16:28:06";"0"
1259;3;1;10;1;"A";1260;2;1;"2023-01-13 16:28:06";"0"
1260;3;1;10;1;"B";1261;2;1;"2023-01-13 16:28:06";"0"
1261;3;1;10;1;"B";1262;2;1;"2023-01-13 16:28:06";"0"
1262;3;1;10;1;"A";1263;2;1;"2023-01-13 16:28:06";"0"
1263;3;1;10;1;"A";1264;2;1;"2023-01-13 16:28:06";"0"
1264;3;1;10;1;"B";1265;2;1;"2023-01-13 16:28:06";"0"
1265;3;1;10;1;"B";1266;2;1;"2023-01-13 16:28:06";"0"
1266;3;1;10;1;"A";1267;2;1;"2023-01-13 16:28:06";"0"
1267;3;1;10;1;"A";1268;2;1;"2023-01-13 16:28:06";"0"
1268;3;1;10;1;"B";1269;2;1;"2023-01-13 16:28:06";"0"
1269;3;1;10;1;"B";1270;2;1;"2023-01-13 16:28:06";"0"
1270;3;1;10;1;"A";1271;2;1;"2023-01-13 16:28:06";"0"
1271;3;1;10;1;"A";1272;2;1;"2023-01-13 16:28:06";"0"
1272;3;1;10;1;"B";1273;2;1;"2023-01-13 16:28:06";"0"
1273;3;1;10;1;"B";1274;2;1;"2023-01-13 16:28:06";"0"
1274;3;1;10;1;"A";1275;2;1;"2023-01-13 16:28:06";"0"
1275;3;1;10;1;"A";1276;2;1;"2023-01-13 16:28:06";"0"
1276;3;1;10;1;"B";1277;2;1;"2023-01-13 16:28:06";"0"
1277;3;1;10;1;"B";1278;2;1;"2023-01-13 16:28:06";"0"
1278;3;1;10;1;"A";1279;2;1;"2023-01-13 16:28:06";"0"
1279;3;1;10;1;"A";1280;2;1;"2023-01-13 16:28:06";"0"
1280;3;1;10;1;"B";1281;2;1;"2023-01-13 16:28:06";"0"
1281;3;1;10;1;"B";1282;2;1;"2023-01-13 16:28:06";"0"
1282;3;1;10;1;"A";1283;2;1;"2023-01-13 16:28:06";"0"
1283;3;1;10;1;"A";1284;2;1;"2023-01-13 16:28:06";"0"
1284;3;1;10;1;"B";1285;2;1;"2023-01-13 16:28:06";"0"
1285;3;1;10;1;"B";1286;2;1;"2023-01-13 16:28:06";"0"
1286;3;1;10;1;"A";1287;2;1;"2023-01-13 16:28:06";"0"
1287;3;1;10;1;"A";1288;2;1;"2023-01-13 16:28:06";"0"
1288;3;1;10;1;"B";1289;2;1;"2023-01-13 16:28:06";"0"
1289;3;1;10;1;"B";1290;2;1;"2023-01-13 16:28:06";"0"
1290;3;1;10;1;"A";1291;2;1;"2023-01-13 16:28:06";"0"
1291;3;1;10;1;"A";1292;2;1;"2023-01-13 16:28:06";"0"
1292;3;1;10;1;"B";1293;2;1;"2023-01-13 16:28:06";"0"
1293;3;1;10;1;"B";1294;2;1;"2023-01-13 16:28:06";"0"
1294;3;1;10;1;"A";1295;2;1;"2023-01-13 16:28:06";"0"
1295;3;1;10;1;"A";1296;2;1;"2023-01-13 16:28:06";"0"
1296;3;1;10;1;"B";1297;2;1;"2023-01-13 16:28:06";"0"
1297;3;1;10;1;"B";1298;2;1;"2023-01-13 16:28:06";"0"
1298;3;1;10;1;"A";1299;2;1;"2023-01-13 16:28:06";"0"
1299;3;1;10;1;"A";1300;2;1;"2023-01-13 16:28:06";"0"
1300;3;1;10;1;"B";1301;2;1;"2023-01-13 16:28:06";"0"
1301;3;1;10;1;"B";1302;2;1;"2023-01-13 16:28:06";"0"
1302;3;1;10;1;"A";1303;2;1;"2023-01-13 16:28:06";"0"
1303;3;1;10;1;"A";1304;2;1;"2023-01-13 16:28:06";"0"
1304;3;1;10;1;"B";1305;2;1;"2023-01-13 16:28:06";"0"
1305;3;1;10;1;"B";1306;2;1;"2023-01-13 16:28:06";"0"
1306;3;1;10;1;"A";1307;2;1;"2023-01-13 16:28:06";"0"
1307;3;1;10;1;"A";1308;2;1;"2023-01-13 16:28:06";"0"
1308;3;1;10;1;"B";1309;2;1;"2023-01-13 16:28:06";"0"
1309;3;1;10;1;"B";1310;2;1;"2023-01-13 16:28:06";"0"
1310;3;1;10;1;"A";1311;2;1;"2023-01-13 16:28:06";"0"
1311;3;1;10;1;"A";1312;2;1;"2023-01-13 16:28:06";"0"
1312;3;1;10;1;"B";1313;2;1;"2023-01-13 16:28:06";"0"
1313;3;1;10;1;"B";1314;2;1;"2023-01-13 16:28:06";"0"
1314;3;1;10;1;"A";1315;2;1;"2023-01-13 16:28:06";"0"
1315;3;1;10;1;"A";1316;2;1;"2023-01-13 16:28:06";"0"
1316;3;1;10;1;"B";1317;2;1;"2023-01-13 16:28:06";"0"
1317;3;1;10;1;"B";1318;2;1;"2023-01-13 16:28:06";"0"
1318;3;1;10;1;"A";1319;2;1;"2023-01-13 16:28:06";"0"
1319;3;1;10;1;"A";1320;2;1;"2023-01-13 16:28:06";"0"
1320;3;1;10;1;"B";1321;2;1;"2023-01-13 16:28:06";"0"
1321;3;1;10;1;"B";1322;2;1;"2023-01-13 16:28:06";"0"
1322;3;1;10;1;"A";1323;2;1;"2023-01-13 16:28:06";"0"
1323;3;1;10;1;"A";1324;2;1;"2023-01-13 16:28:06";"0"
1324;3;1;10;1;"B";1325;2;1;"2023-01-13 16:28:06";"0"
1325;3;1;10;1;"B";1326;2;1;"2023-01-13 16:28:06";"0"
1326;3;1;10;1;"A";1327;2;1;"2023-01-13 16:28:06";"0"
1327;3;1;10;1;"A";1328;2;1;"2023-01-13 16:28:06";"0"
1328;3;1;10;1;"B";1329;2;1;"2023-01-13 16:28:06";"0"
1329;3;1;10;1;"B";1330;2;1;"2023-01-13 16:28:06";"0"
1330;3;1;10;1;"A";1331;2;1;"2023-01-13 16:28:06";"0"
1331;3;1;10;1;"A";1332;2;1;"2023-01-13 16:28:06";"0"
1332;3;1;10;1;"B";1333;2;1;"2023-01-13 16:28:06";"0"
1333;3;1;10;1;"B";1334;2;1;"2023-01-13 16:28:06";"0"
1334;3;1;10;1;"A";1335;2;1;"2023-01-13 16:28:06";"0"
1335;3;1;10;1;"A";1336;2;1;"2023-01-13 16:28:06";"0"
1336;3;1;10;1;"B";1337;2;1;"2023-01-13 16:28:06";"0"
1337;3;1;10;1;"B";1338;2;1;"2023-01-13 16:28:06";"0"
1338;3;1;10;1;"A";1339;2;1;"2023-01-13 16:28:06";"0"
1339;3;1;10;1;"A";1340;2;1;"2023-01-13 16:28:06";"0"
1340;3;1;10;1;"B";1341;2;1;"2023-01-13 16:28:06";"0"
1341;3;1;10;1;"B";1342;2;1;"2023-01-13 16:28:06";"0"
1342;3;1;10;1;"A";1343;2;1;"2023-01-13 16:28:06";"0"
1343;3;1;10;1;"A";1344;2;1;"2023-01-13 16:28:06";"0"
1344;3;1;10;1;"B";1345;2;1;"2023-01-13 16:28:06";"0"
1345;3;1;10;1;"B";1346;2;1;"2023-01-13 16:28:06";"0"
1346;3;1;10;1;"A";1347;2;1;"2023-01-13 16:28:06";"0"
1347;3;1;10;1;"A";1348;2;1;"2023-01-13 16:28:06";"0"
1348;3;1;10;1;"B";1349;2;1;"2023-01-13 16:28:06";"0"
1349;3;1;10;1;"B";1350;2;1;"2023-01-13 16:28:06";"0"
1350;3;1;10;1;"A";1351;2;1;"2023-01-13 16:28:06";"0"
1351;3;1;10;1;"A";1352;2;1;"2023-01-13 16:28:06";"0"
1352;3;1;10;1;"B";1353;2;1;"2023-01-13 16:28:06";"0"
1353;3;1;10;1;"B";1354;2;1;"2023-01-13 16:28:06";"0"
1354;3;1;10;1;"A";1355;2;1;"2023-01-13 16:28:06";"0"
1355;3;1;10;1;"A";1356;2;1;"2023-01-13 16:28:06";"0"
1356;3;1;10;1;"B";1357;2;1;"2023-01-13 16:28:06";"0"
1357;3;1;10;1;"B";1358;2;1;"2023-01-13 16:28:06";"0"
1358;3;1;10;1;"A";1359;2;1;"2023-01-13 16:28:06";"0"
1359;3;1;10;1;"A";1360;2;1;"2023-01-13 16:28:06";"0"
1360;3;1;10;1;"B";1361;2;1;"2023-01-13 16:28:06";"0"
1361;3;1;10;1;"B";1362;2;1;"2023-01-13 16:28:06";"0"
1362;3;1;10;1;"A";1363;2;1;"2023-01-13 16:28:06";"0"
1363;3;1;10;1;"A";1364;2;1;"2023-01-13 16:28:06";"0"
1364;3;1;10;1;"B";1365;2;1;"2023-01-13 16:28:06";"0"
1365;3;1;10;1;"B";1366;2;1;"2023-01-13 16:28:06";"0"
1366;3;1;10;1;"A";1367;2;1;"2023-01-13 16:28:06";"0"
1367;3;1;10;1;"A";1368;2;1;"2023-01-13 16:28:06";"0"
1368;3;1;10;1;"B";1369;2;1;"2023-01-13 16:28:06";"0"
1369;3;1;10;1;"B";1370;2;1;"2023-01-13 16:28:06";"0"
1370;3;1;10;1;"A";1371;2;1;"2023-01-13 16:28:06";"0"
1371;3;1;10;1;"A";1372;2;1;"2023-01-13 16:28:06";"0"
1372;3;1;10;1;"B";1373;2;1;"2023-01-13 16:28:06";"0"
1373;3;1;10;1;"B";1374;2;1;"2023-01-13 16:28:06";"0"
1374;3;1;10;1;"A";1375;2;1;"2023-01-13 16:28:06";"0"
1375;3;1;10;1;"A";1376;2;1;"2023-01-13 16:28:06";"0"
1376;3;1;10;1;"B";1377;2;1;"2023-01-13 16:28:06";"0"
1377;3;1;10;1;"B";1378;2;1;"2023-01-13 16:28:06";"0"
1378;3;1;10;1;"A";1379;2;1;"2023-01-13 16:28:06";"0"
1379;3;1;10;1;"A";1380;2;1;"2023-01-13 16:28:06";"0"
1380;3;1;10;1;"B";1381;2;1;"2023-01-13 16:28:06";"0"
1381;3;1;10;1;"B";1382;2;1;"2023-01-13 16:28:06";"0"
1382;3;1;10;1;"A";1383;2;1;"2023-01-13 16:28:06";"0"
1383;3;1;10;1;"A";1384;2;1;"2023-01-13 16:28:06";"0"
1384;3;1;10;1;"B";1385;2;1;"2023-01-13 16:28:06";"0"
1385;3;1;10;1;"B";1386;2;1;"2023-01-13 16:28:06";"0"
1386;3;1;10;1;"A";1387;2;1;"2023-01-13 16:28:06";"0"
1387;3;1;10;1;"A";1388;2;1;"2023-01-13 16:28:06";"0"
1388;3;1;10;1;"B";1389;2;1;"2023-01-13 16:28:06";"0"
1389;3;1;10;1;"B";1390;2;1;"2023-01-13 16:28:06";"0"
1390;3;1;10;1;"A";1391;2;1;"2023-01-13 16:28:06";"0"
1391;3;1;10;1;"A";1392;2;1;"2023-01-13 16:28:06";"0"
1392;3;1;10;1;"B";1393;2;1;"2023-01-13 16:28:06";"0"
1393;3;1;10;1;"B";1394;2;1;"2023-01-13 16:28:06";"0"
1394;3;1;10;1;"A";1395;2;1;"2023-01-13 16:28:06";"0"
1395;3;1;10;1;"A";1396;2;1;"2023-01-13 16:28:06";"0"
1396;3;1;10;1;"B";1397;2;1;"2023-01-13 16:28:06";"0"
1397;3;1;10;1;"B";1398;2;1;"2023-01-13 16:28:06";"0"
1398;3;1;10;1;"A";1399;2;1;"2023-01-13 16:28:06";"0"
1399;3;1;10;1;"A";1400;2;1;"2023-01-13 16:28:06";"0"
1400;3;1;10;1;"B";1401;2;1;"2023-01-13 16:28:06";"0"
1401;3;1;10;1;"B";1402;2;1;"2023-01-13 16:28:06";"0"
1402;3;1;10;1;"A";1403;2;1;"2023-01-13 16:28:06";"0"
1403;3;1;10;1;"A";1404;2;1;"2023-01-13 16:28:06";"0"
1404;3;1;10;1;"B";1405;2;1;"2023-01-13 16:28:06";"0"
1405;3;1;10;1;"B";1406;2;1;"2023-01-13 16:28:06";"0"
1406;3;1;10;1;"A";1407;2;1;"2023-01-13 16:28:06";"0"
1407;3;1;10;1;"A";1408;2;1;"2023-01-13 16:28:06";"0"
1408;3;1;10;1;"B";1409;2;1;"2023-01-13 16:28:06";"0"
1409;3;1;10;1;"B";1410;2;1;"2023-01-13 16:28:06";"0"
1410;3;1;10;1;"A";1411;2;1;"2023-01-13 16:28:06";"0"
1411;3;1;10;1;"A";1412;2;1;"2023-01-13 16:28:06";"0"
1412;3;1;10;1;"B";1413;2;1;"2023-01-13 16:28:06";"0"
1413;3;1;10;1;"B";1414;2;1;"2023-01-13 16:28:06";"0"
1414;3;1;10;1;"A";1415;2;1;"2023-01-13 16:28:06";"0"
1415;3;1;10;1;"A";1416;2;1;"2023-01-13 16:28:06";"0"
1416;3;1;10;1;"B";1417;2;1;"2023-01-13 16:28:06";"0"
1417;3;1;10;1;"B";1418;2;1;"2023-01-13 16:28:06";"0"
1418;3;1;10;1;"A";1419;2;1;"2023-01-13 16:28:06";"0"
1419;3;1;10;1;"A";1420;2;1;"2023-01-13 16:28:06";"0"
1420;3;1;10;1;"B";1421;2;1;"2023-01-13 16:28:06";"0"
1421;3;1;10;1;"B";1422;2;1;"2023-01-13 16:28:06";"0"
1422;3;1;10;1;"A";1423;2;1;"2023-01-13 16:28:06";"0"
1423;3;1;10;1;"A";1424;2;1;"2023-01-13 16:28:06";"0"
1424;3;1;10;1;"B";1425;2;1;"2023-01-13 16:28:06";"0"
1425;3;1;10;1;"B";1426;2;1;"2023-01-13 16:28:06";"0"
1426;3;1;10;1;"A";1427;2;1;"2023-01-13 16:28:06";"0"
1427;3;1;10;1;"A";1428;2;1;"2023-01-13 16:28:06";"0"
1428;3;1;10;1;"B";1429;2;1;"2023-01-13 16:28:06";"0"
1429;3;1;10;1;"B";1430;2;1;"2023-01-13 16:28:06";"0"
1430;3;1;10;1;"A";1431;2;1;"2023-01-13 16:28:06";"0"
1431;3;1;10;1;"A";1432;2;1;"2023-01-13 16:28:56";"0"
1432;3;1;10;1;"B";1433;2;1;"2023-01-13 16:28:56";"0"
1433;3;1;10;1;"B";1434;2;1;"2023-01-13 16:28:56";"0"
1434;3;1;10;1;"A";1435;2;1;"2023-01-13 16:28:56";"0"
1435;3;1;10;1;"A";1436;2;1;"2023-01-13 16:28:56";"0"
1436;3;1;10;1;"B";1437;2;1;"2023-01-13 16:28:56";"0"
1437;3;1;10;1;"B";1438;2;1;"2023-01-13 16:28:56";"0"
1438;3;1;10;1;"A";1439;2;1;"2023-01-13 16:28:56";"0"
1439;3;1;10;1;"A";1440;2;1;"2023-01-13 16:28:56";"0"
1440;3;1;10;1;"B";1441;2;1;"2023-01-13 16:28:56";"0"
1441;3;1;10;1;"B";1442;2;1;"2023-01-13 16:28:56";"0"
1442;3;1;10;1;"A";1443;2;1;"2023-01-13 16:28:56";"0"
1443;3;1;10;1;"A";1444;2;1;"2023-01-13 16:28:56";"0"
1444;3;1;10;1;"B";1445;2;1;"2023-01-13 16:28:56";"0"
1445;3;1;10;1;"B";1446;2;1;"2023-01-13 16:28:56";"0"
1446;3;1;10;1;"A";1447;2;1;"2023-01-13 16:28:56";"0"
1447;3;1;10;1;"A";1448;2;1;"2023-01-13 16:28:56";"0"
1448;3;1;10;1;"B";1449;2;1;"2023-01-13 16:28:56";"0"
1449;3;1;10;1;"B";1450;2;1;"2023-01-13 16:28:56";"0"
1450;3;1;10;1;"A";1451;2;1;"2023-01-13 16:28:56";"0"
1451;3;1;10;1;"A";1452;2;1;"2023-01-13 16:28:56";"0"
1452;3;1;10;1;"B";1453;2;1;"2023-01-13 16:28:56";"0"
1453;3;1;10;1;"B";1454;2;1;"2023-01-13 16:28:56";"0"
1454;3;1;10;1;"A";1455;2;1;"2023-01-13 16:28:56";"0"
1455;3;1;10;1;"A";1456;2;1;"2023-01-13 16:28:56";"0"
1456;3;1;10;1;"B";1457;2;1;"2023-01-13 16:28:56";"0"
1457;3;1;10;1;"B";1458;2;1;"2023-01-13 16:28:56";"0"
1458;3;1;10;1;"A";1459;2;1;"2023-01-13 16:28:56";"0"
1459;3;1;10;1;"A";1460;2;1;"2023-01-13 16:28:56";"0"
1460;3;1;10;1;"B";1461;2;1;"2023-01-13 16:28:56";"0"
1461;3;1;10;1;"B";1462;2;1;"2023-01-13 16:28:56";"0"
1462;3;1;10;1;"A";1463;2;1;"2023-01-13 16:28:56";"0"
1463;3;1;10;1;"A";1464;2;1;"2023-01-13 16:28:56";"0"
1464;3;1;10;1;"B";1465;2;1;"2023-01-13 16:28:56";"0"
1465;3;1;10;1;"B";1466;2;1;"2023-01-13 16:28:56";"0"
1466;3;1;10;1;"A";1467;2;1;"2023-01-13 16:28:56";"0"
1467;3;1;10;1;"A";1468;2;1;"2023-01-13 16:28:56";"0"
1468;3;1;10;1;"B";1469;2;1;"2023-01-13 16:28:56";"0"
1469;3;1;10;1;"B";1470;2;1;"2023-01-13 16:28:56";"0"
1470;3;1;10;1;"A";1471;2;1;"2023-01-13 16:28:56";"0"
1471;3;1;10;1;"A";1472;2;1;"2023-01-13 16:28:56";"0"
1472;3;1;10;1;"B";1473;2;1;"2023-01-13 16:28:56";"0"
1473;3;1;10;1;"B";1474;2;1;"2023-01-13 16:28:56";"0"
1474;3;1;10;1;"A";1475;2;1;"2023-01-13 16:28:56";"0"
1475;3;1;10;1;"A";1476;2;1;"2023-01-13 16:28:56";"0"
1476;3;1;10;1;"B";1477;2;1;"2023-01-13 16:28:56";"0"
1477;3;1;10;1;"B";1478;2;1;"2023-01-13 16:28:56";"0"
1478;3;1;10;1;"A";1479;2;1;"2023-01-13 16:28:56";"0"
1479;3;1;10;1;"A";1480;2;1;"2023-01-13 16:28:56";"0"
1480;3;1;10;1;"B";1481;2;1;"2023-01-13 16:28:56";"0"
1481;3;1;10;1;"B";1482;2;1;"2023-01-13 16:28:56";"0"
1482;3;1;10;1;"A";1483;2;1;"2023-01-13 16:28:56";"0"
1483;3;1;10;1;"A";1484;2;1;"2023-01-13 16:28:56";"0"
1484;3;1;10;1;"B";1485;2;1;"2023-01-13 16:28:56";"0"
1485;3;1;10;1;"B";1486;2;1;"2023-01-13 16:28:56";"0"
1486;3;1;10;1;"A";1487;2;1;"2023-01-13 16:28:56";"0"
1487;3;1;10;1;"A";1488;2;1;"2023-01-13 16:28:56";"0"
1488;3;1;10;1;"B";1489;2;1;"2023-01-13 16:28:56";"0"
1489;3;1;10;1;"B";1490;2;1;"2023-01-13 16:28:56";"0"
1490;3;1;10;1;"A";1491;2;1;"2023-01-13 16:28:56";"0"
1491;3;1;10;1;"A";1492;2;1;"2023-01-13 16:28:56";"0"
1492;3;1;10;1;"B";1493;2;1;"2023-01-13 16:28:56";"0"
1493;3;1;10;1;"B";1494;2;1;"2023-01-13 16:28:56";"0"
1494;3;1;10;1;"A";1495;2;1;"2023-01-13 16:28:56";"0"
1495;3;1;10;1;"A";1496;2;1;"2023-01-13 16:28:56";"0"
1496;3;1;10;1;"B";1497;2;1;"2023-01-13 16:28:56";"0"
1497;3;1;10;1;"B";1498;2;1;"2023-01-13 16:28:56";"0"
1498;3;1;10;1;"A";1499;2;1;"2023-01-13 16:28:56";"0"
1499;3;1;10;1;"A";1500;2;1;"2023-01-13 16:28:56";"0"
1500;3;1;10;1;"B";1501;2;1;"2023-01-13 16:28:56";"0"
